revenue_last_30_days,average_transaction_value,transaction_count,revenue_volatility,weekend_transaction_ratio,revenue_trend,default
199779.25704673398,23792.500507042947,126,37123.627938626094,0.596850157946487,0.0024989551364640317,0
240439.46814361622,8675.860972906035,379,12315.471229591763,0.020584494295802447,0.9458377338915898,0
121922.77312557255,4954.711696573965,296,6157.137565378422,0.6116531604882809,-0.7872806506045087,1
271891.8369240268,10296.593807023759,495,20055.354537832205,0.23277134043030423,-0.6369084178409226,0
203581.75580823811,24589.15670226631,150,42304.424791026395,0.6803075385877797,0.010898653545177384,0
472256.8427287293,14300.561337215713,284,555.0561131792379,0.230893825622149,-0.36615416115317895,0
312798.39573565806,20913.275337536026,54,38042.803837217194,0.2587799816000169,0.39254011183716764,0
269632.6501653492,13894.401843910351,329,967.0276076212787,0.8422847745949985,0.009557440065578127,0
464796.2555810212,18318.16389848231,290,3333.1910625424953,0.1959828624191452,-0.7185908799610315,0
206565.09905095136,7148.05127846045,72,8429.579723156874,0.965255307264138,0.2926616458360325,0
162211.28273795955,4549.040007043561,364,8980.087620388778,0.7722447692966574,-0.4423117732384897,0
411421.4856583204,17818.00492426662,182,28179.685790387,0.6059599747810114,0.8673415813240282,0
459180.64426101476,21325.945155850084,287,14180.336457888165,0.06355835028602363,-0.24023182091180806,0
370210.96560227073,16120.158048202722,494,18138.541113774605,0.38292687475378984,0.9490817717003868,0
366430.17015913915,6281.630533849416,417,6254.303431569438,0.5227328293819941,-0.030426166954610645,0
71787.88495678615,1270.0150493249891,250,1259.9176525663104,0.5632755719763837,0.4519289555670294,0
310120.3420533523,13726.106736890992,48,6358.136264936556,0.07697990982879299,-0.2784473847552176,0
466254.8731244351,20298.949299328215,460,4372.295837346614,0.45653457048291024,-0.4068072130096996,0
443974.5242810568,8446.453014629213,367,6083.276113254574,0.906828441545754,-0.3101619511076565,0
20249.780957751595,7463.157685124829,278,203.07447975057465,0.5107473025775657,-0.048660194332197815,0
77535.37632016774,8771.571699388885,482,3035.524781352185,0.21876421957307024,0.20458360363121408,0
51148.278612311144,6720.927641391445,287,3459.242953668839,0.49724850589238545,-0.2584190423298146,0
37705.73473017574,15434.326182507473,149,12747.054971942676,0.033050732900548385,-0.1788717535519706,1
346738.6167462881,13507.897291269841,237,26629.565153027885,0.2420552715115004,0.4098439853305813,0
134066.02111635183,18341.30054099056,299,17304.820498542053,0.983423140894843,-0.08211600359980453,1
403205.65999258455,4192.579827153022,206,1645.3356371461346,0.040775141554763916,0.2636072977388353,0
27962.15788537095,13046.279928332384,166,9162.721544663393,0.09617655109142076,0.8929418760812873,0
268520.64825319045,21023.897594729537,286,14406.981439872394,0.11347352124058907,0.864448512901413,0
143811.9813032747,16669.609127837386,365,32746.507927741623,0.5166358912710143,-0.3305074853052638,1
483401.28861862095,14178.18961337389,179,17989.154865720117,0.3390297910487007,-0.17142276569721038,0
450612.924777237,22233.617394495373,139,39487.904410373005,0.8509284487675127,0.8841429895977055,0
341114.36226282973,14726.822225193138,131,3078.5595911216365,0.6635017691080558,-0.7908891490768064,0
283392.21889596136,17451.432343470984,227,34709.96850816404,0.17592525267734538,-0.7674643454920624,0
105834.90042623783,9478.485222280067,411,16113.780752517272,0.6576128923003434,0.22295548600384896,0
196503.5854685281,6997.458008202273,257,8296.205887379125,0.978892858275009,0.07613587532701915,1
228509.29544500576,9076.920988519554,116,10515.33156898429,0.4925176938188639,-0.4485626219635199,1
154770.73397161078,1095.7411775706191,68,191.19651924200411,0.994550510797341,0.04590012518369724,0
444077.1306878043,18819.10996048664,56,34947.426359139834,0.42818414831731433,0.9399786742786052,1
429444.5386243328,7713.997855704849,488,3026.2834667333073,0.2684748568901568,0.07350377369736827,0
209451.90406854666,21183.221947794627,342,24194.458462636107,0.09717649377076854,0.3070130080585056,1
87240.32731353154,13199.07648291155,405,8582.48933718986,0.8486697949246744,-0.5540816034043482,1
285353.5889157957,7764.498519371063,45,12599.237167550411,0.8670723185801037,0.8438329946016483,0
260727.8214498558,20058.231884685993,340,2938.8046348936305,0.3967838272138884,-0.7086166441290855,1
33256.05049937826,14682.189939935188,307,17023.00972309704,0.035942273796742086,0.038076432638428304,0
157539.8010215765,14975.414883940763,361,7570.210761939806,0.0388347344294232,-0.25412207358819894,0
176792.59606209962,20782.790592795922,79,9049.144337228201,0.6228904758190003,-0.6463745630112177,0
275050.22315271106,13745.56047944761,330,3889.646289453206,0.1327454222429698,0.9451663608054861,0
39712.40804858038,10271.112085397466,294,9073.552186636945,0.07845638134226596,-0.7543686618521765,1
421270.4578458588,17551.3680492956,148,6165.775352824611,0.15643704267108605,-0.3495627833037284,0
363006.04289602995,16674.835729584418,392,21322.28754733999,0.5166962574265667,0.3828003913003004,0
370418.8719496729,1669.0451284453954,173,1252.6716624599667,0.7578461104643691,-0.7740917204664395,0
42081.26817044132,1497.8556568147683,257,2936.3797195485504,0.17533026988933853,-0.7691100167028496,0
407318.22898437415,8984.45586669032,273,7852.456825614958,0.39850473439737344,0.3085301764939896,0
41745.92469058136,9678.009058348545,269,18074.266459161372,0.5010398839152592,0.17087940712011251,1
315608.5589071586,23625.34431173855,277,1350.026548348316,0.5857755812734633,0.8924144345649236,0
206321.56457913053,16260.561351837652,436,26400.15015169186,0.8206394757439553,0.326691406182831,1
332712.6904917382,5563.766816980262,304,864.8840782961425,0.10077800137742665,-0.7672007138272106,0
347843.2512398513,2244.12188727561,283,1791.214322685217,0.6816136689727897,-0.18687577496436802,0
258097.97806083495,17475.813787952517,133,22019.68186250202,0.877472013527053,0.5231278788469944,1
155376.59483422711,4847.268822603209,476,5554.689264502409,0.5759245752580846,0.5169659595393523,0
140007.89562373023,14723.32830242579,170,27414.61561693785,0.8584127518430118,-0.02781075072496697,1
382180.57956064754,3026.534786480349,292,3280.8886246717598,0.4965611906830777,-0.09868744480543379,0
67992.74583769441,1810.389770310538,464,3287.6503390240173,0.09128667678613356,-0.22523545233725328,1
476291.4305300269,14549.22825902051,386,2515.1193766763854,0.09170414725848108,0.28439366662201415,0
122109.3896116299,23681.76630060141,163,37420.142834471626,0.09120610304869037,0.08995654846464662,0
283773.86351539305,11317.497283647737,234,12402.20891486895,0.7058314838786945,0.9435734991534428,0
421742.65963393945,21738.283280115615,249,3748.264473615649,0.70096913145912,-0.6690265885444517,0
358996.26903511817,2493.045125726544,184,1239.5734110386802,0.5813054172267823,0.7536493395802069,0
133608.8929673978,22738.495805539384,320,34286.03559246474,0.37625958553091576,-0.6496987099423963,1
288034.03987318644,10893.43922655092,365,7262.146455666678,0.43445184448827134,-0.3433720870283503,0
294307.0520984051,18653.85959231137,475,4472.883586905192,0.6492103021160636,0.542880782677762,0
481842.8232677801,9684.32919833075,388,1697.2045617570195,0.5283701212972092,-0.014595503108199237,0
489392.32100205,14122.12344674332,322,25180.551809348948,0.5277011090862999,0.9873366330147406,0
285850.056512634,24247.912122667924,421,8144.132829542792,0.21680910658649122,-0.26991089568902626,1
354524.0268146311,9912.944868790888,490,996.470287587802,0.2809631895922303,0.9107406713378057,0
238715.24133714222,15693.24864613765,27,5408.689853782144,0.6468483616687238,-0.1011169088182301,0
147650.2039828347,9328.454832529073,247,18401.02369601773,0.6981617140197451,0.16497345941941666,0
410621.6094593354,17275.91372757004,432,4688.47095379985,0.07620037959916315,0.8929572888436901,0
298958.05816679663,23019.82551997121,29,42949.221040298115,0.8660638895004084,-0.7186063938088592,1
200702.4161014638,20358.556604154906,243,40119.475062449266,0.37673896993794076,0.5492409399569298,0
417998.8259391269,14442.495994560817,436,13591.328850054326,0.4148195023376652,-0.3078672705247288,0
435066.74060242553,20416.0747236869,370,30645.476719602982,0.9131657522576428,0.2532691581858495,0
383398.97698037885,9757.338457256768,104,8847.168822774336,0.12915941515149498,0.9172918490657003,0
129748.5466416621,16956.66676794349,307,1685.7259070795,0.26867248202530736,-0.7600674643454571,0
248581.1344587268,20868.60150653128,325,35582.45413273929,0.5519068387744855,0.20968834876369535,1
213671.7757819506,3783.3730970406978,322,3240.0339248225055,0.7846682639443096,0.3508504425536363,1
453512.5081647806,15622.960946383655,245,11019.372723166236,0.5899176868546331,-0.09396071882048185,0
453996.17335699924,9032.25894207086,185,8200.388796752952,0.910471278403273,-0.2636729872244892,0
354868.0983168624,20013.558504009994,157,37095.97252800635,0.4921162930795382,-0.335160101061875,0
490415.636137029,12569.143302825305,224,5336.276685090277,0.5796499344717384,-0.18518622117821892,0
240857.19631211457,14826.769595754266,478,4202.834287740664,0.6408747448032146,-0.47261584808153934,0
450458.43675488565,12112.060186440372,112,23575.43120188802,0.6019353955409602,-0.397071681368623,1
185639.66135474565,9016.670754825745,41,1690.732830636668,0.12063587110060081,0.029401782458906345,0
194849.53330307623,12833.723135943994,320,8322.050057921839,0.09229058622874609,0.06606170930132771,0
265595.36650268536,4345.953226546746,67,624.7761174187891,0.2768776481472037,0.6511623036275105,0
108570.08929106111,5629.058421749402,146,10410.565916392914,0.23611653311740433,0.567919736087654,0
365847.7094679031,2027.3633815254154,206,1098.319139780072,0.7133495858845524,0.8113723078369588,0
275414.4729273515,3125.7142778245134,313,3376.357062103156,0.24247050363472966,-0.3153621842911143,0
29634.174933308655,8390.939556787867,250,1588.0958279821944,0.5353355640155235,-0.38021045921035784,0
247505.57188666696,9200.055430342967,252,9221.54749804582,0.08692028808742369,0.16679177527338596,0
377810.94760847837,11075.658882627145,102,8452.435535631685,0.3374468338719181,0.819365314861022,0
137289.51462303416,12707.068597299034,473,15434.666886233103,0.23722679173599448,-0.6167915492832733,0
138059.70962456393,4436.693644859114,350,871.0721680640261,0.8058648867411434,-0.6998237191574445,1
44785.02937976616,946.9407949948456,248,1862.2709152718846,0.11203890216805235,-0.0838599217176651,1
435443.4204291105,20518.265738257356,388,20189.5528491884,0.7228960966217757,0.6775506516760346,0
276817.6313815571,12177.177361097094,192,18763.55455785891,0.18704374855752337,-0.21737737447236138,0
263652.9817685384,6439.038444169466,66,9137.040539892008,0.7677795014428388,-0.6428776767385842,0
467366.88428332837,8355.7337079081,278,960.8649932980957,0.3366042781939206,-0.5580535815098464,0
495180.9115471737,8397.669201880712,149,1566.9878520955092,0.13882477344202038,-0.7951203810542067,0
247119.77650490825,15349.496085868046,438,10775.017356916254,0.9295291442478258,0.6951149340179124,1
79662.66727306147,18406.253142489284,156,7626.1302400114555,0.3792285849638004,0.86760896246148,0
43085.42910276209,19647.104802909664,286,31269.87371369302,0.20162732004774453,-0.505419302841732,0
410995.86571106344,16797.331907056905,429,30508.67082806236,0.3161965822964946,0.2589520164311021,0
236935.32862353884,17987.670143955485,307,16698.794755234845,0.3013778741641421,0.545696884317252,0
131462.09367047233,22539.577045226928,469,24548.547896353157,0.9064721109645469,0.3236283926451857,0
471119.4193344681,15878.847300249738,475,22061.50015416408,0.16673075999338316,0.7815324076721888,0
375901.23734674184,14542.195806806023,176,4496.204112121569,0.31172206779554823,-0.3527195483339617,0
36095.5686731741,14462.297279347255,29,14338.816086048086,0.7546352918601166,-0.614751144660539,1
201834.35146731953,11696.50537240112,455,9354.017127796003,0.7972953657795536,-0.5301486307722072,0
366681.2328286718,18140.89514537882,114,21752.72831604206,0.5655083473229738,0.48912233451931386,0
416863.4373483576,23997.33246681868,379,28041.354535356673,0.4008514167636399,0.03161044655943879,1
93608.6734957185,14862.630884411532,465,3086.06649923024,0.2560155318536622,0.5069720549123213,0
69062.07882809581,23009.387795388287,152,42460.0420669105,0.7072386343133986,-0.5254297227543296,1
311223.2222637708,10891.201446908457,48,2360.3247183933877,0.8404396319804229,0.8392351568602836,0
133234.89660563896,4555.252503998599,439,1223.2737132923942,0.9208418826173723,0.7658134517118309,0
303812.209157566,10275.566244818192,476,15320.748235212852,0.2055798083756375,0.6180217996860864,0
74848.30402673013,10655.362312988878,109,19610.804175390087,0.34634599436596125,-0.17548423658679013,1
237064.61162710743,6002.818162029558,383,10966.863160019204,0.2482264427571519,0.23973751736478488,0
36261.99691836559,8131.092692752556,304,9483.576549858317,0.6322642879195304,-0.7764299781409995,0
105457.26409748069,24046.22277800165,196,26846.44757452396,0.860632017890734,0.16312549408058552,0
163806.037647909,8093.454693580968,497,12164.546131264913,0.20990559309558576,0.8164977209932847,0
111530.10591855996,1395.4668622783247,305,2351.1404688657753,0.5874536042340743,-0.2707195774022513,1
273270.9104694972,13594.16933580255,132,10956.005520059922,0.5596403313082179,-0.5205675573247175,0
433657.0980864883,23679.828822274,307,12968.8924300568,0.8974304098188842,0.1478412399867287,0
489887.08909566136,21074.82705668598,410,27807.52384434146,0.02709599250348349,-0.400450108520691,0
342508.51692738966,982.9081749819218,73,733.0178376657167,0.5694435177635003,0.7974288685243054,0
365990.28622904315,20230.216700268673,107,29251.006400570775,0.8556964681062857,0.6943957562205849,0
340680.86555391015,5522.115237687613,242,3645.8219004837183,0.08692501495034932,0.33983339483972896,0
427101.4858241041,3508.0337967363585,422,4132.354845470236,0.42142455059249795,0.8068090799385548,0
184072.32881498046,6855.874119066666,405,5041.870591934599,0.03422811082052912,0.6951781118174496,0
391440.57113664335,9387.568419315663,72,5599.18835373682,0.9484533069621567,0.5744904294875695,0
436864.6284309981,12442.064357113084,234,19923.715616148576,0.42521350446923345,-0.7595552450237887,0
279984.4230372161,16020.216385740609,378,7063.7524075442925,0.6450541677693294,-0.040932917804092805,0
452274.70459346514,17434.93551143653,312,739.4414515787948,0.914298806560499,-0.588048050797746,0
151546.5059298589,14077.361061636939,172,14056.23936668973,0.7202025816322958,-0.6081582857683862,0
146568.2252646159,7029.210637586614,238,8438.94375540127,0.6005168604336534,0.3970660141832598,0
458917.7340439807,10759.877859855791,495,16612.73337826314,0.42203605955068735,-0.16303152218975103,1
108498.04192590235,2713.255534151393,390,1406.8547483157904,0.38929561404197655,-0.2803512738127403,0
365142.0344884378,7779.482032767788,246,14775.299662884672,0.3966493730520543,0.9173564857713394,0
252202.37212755813,7112.824948608775,258,3804.6500704076834,0.5950779307002548,-0.7074335357283494,0
306484.56748010684,8688.97532501554,173,8293.848816128542,0.3443837320442332,-0.1672277099584062,0
358364.2638506975,15158.008427569788,44,7545.287989493513,0.8191023176741997,0.6389485821441627,0
150629.6658703821,14960.651338292633,294,9481.679141624994,0.8074302518167612,0.9317778143754119,0
351468.9115739075,13271.86635163245,31,14429.883804119321,0.8729458358764083,0.51800479553721,0
336216.01602114434,17460.775830687384,217,34245.20570541302,0.9033638126360249,0.363996854410894,0
44765.987196180795,16912.97788147596,307,23896.19705570128,0.9252483174156658,-0.47496437877079967,0
459434.38284226006,1331.6764753520715,136,1973.8716852671623,0.19259902778563043,-0.5924923617548882,0
401764.08222036675,18754.0814289454,391,31693.041441933634,0.31910047324325563,0.6920478534712191,0
306209.54167138546,6135.216513548725,207,5954.731439213787,0.8849983565232811,0.15447723874282027,0
214153.01584728836,14524.480106119909,395,15717.711957823476,0.7907231648389635,-0.22624549472227418,0
445269.3191533698,15588.648110466462,401,13074.960247376515,0.4619428505755876,0.9826143640151987,0
109026.99659682678,9907.11530303328,115,15847.396914302077,0.9979341105333375,-0.1687187321869218,0
212926.83853243623,12256.952697445766,204,14278.551514649394,0.2716869710690041,-0.08308270884385605,0
181457.8226376426,13301.720195045817,84,6428.4158493864215,0.11047411313139466,-0.16168011624660228,0
162227.89781887524,6223.389900722794,172,3523.3378739236928,0.9103391020575343,-0.7188187810034183,1
207982.4674593709,3548.7201537729807,206,6747.296679177391,0.786345014415552,-0.6390601958379329,0
441976.78762983903,23645.934546139553,30,42748.423154490505,0.9891849098133589,0.5380350812085235,0
212758.513484234,21026.730514439514,329,25596.661939766065,0.5126885110165086,-0.3847943389080344,0
125833.38035368417,5067.7374225342355,278,8391.366476992638,0.8007696871298751,0.3336002613930755,0
268764.9760046683,15133.214774543356,260,5345.798784500539,0.39624201890265875,0.5648292562673642,0
93870.03504313043,20487.911562270136,288,9248.729235646024,0.5369744228934136,0.26729188271506565,0
63913.681950922335,21997.79113444432,342,12081.710695069785,0.4766768283303684,-0.7201220056401738,1
37002.736840901634,8561.75845156184,44,9477.529759774949,0.08698675991141014,-0.06478421647274235,0
144681.81620495656,18223.79278537033,109,19458.81564911126,0.9621219725920498,-0.602956051901983,0
495908.1608696231,2007.1671428612588,320,1981.1765168877341,0.5924077846595176,0.6844257386652686,0
345447.7532283505,14360.43311789688,256,21105.137619496138,0.5212603121804149,0.7626894472927845,0
95523.51665721247,4429.802580586766,288,7431.9062711054585,0.6974714616692836,0.4242533891685407,0
381303.9869876678,4385.825079680306,254,8436.189871984445,0.46547000876998357,0.7823286644106369,0
413574.52035588806,6101.316457360626,58,2045.618009281422,0.8179670241190622,0.6978415203239354,0
23065.218424080118,6977.078171132104,65,4622.461804241085,0.5598443123088295,-0.5914810577955363,1
24354.754233307984,20029.39637189073,345,11422.042145156367,0.01842771873821747,-0.02196658899347792,1
208232.58149369436,4897.6844238839185,56,1093.8696233539863,0.9372284872364511,0.4381943001414641,0
164462.5121344718,17850.2161718094,425,25325.469710438254,0.4735738884350885,-0.6957431709941632,0
429159.03641535086,24758.635132390853,194,47979.298828215076,0.7496518317429247,-0.5658447677648625,1
31801.719900224725,1042.0270124604326,153,837.7378102866218,0.8187856433570937,-0.34548425056091203,1
96290.37597284313,11979.215710830316,23,10268.017372590984,0.4513870243296755,-0.5054771218549955,0
352967.46837511455,5908.85551332463,149,9155.714011048645,0.23005368303143392,-0.5635967724631196,1
482353.5936512633,1266.906686814148,496,2396.585046072473,0.4197273169261223,0.3493467057953539,0
151623.2971273616,24607.452375015793,276,15853.249145882734,0.724422672614117,0.5425066216557357,0
436698.95047545485,18015.63898495507,293,31157.496540573033,0.47320990669155716,0.942748170246499,0
436939.1206186932,19526.62289339767,98,17772.83966068409,0.5303543937282561,-0.7678485935390251,1
161200.62720486938,22839.98285651782,397,28206.900192787885,0.7965372909761763,0.06674023272259011,0
80089.18025722422,17296.3495371098,247,19361.160274642963,0.22554014244373544,-0.5105141556592578,1
176444.22269699594,14961.466502697751,91,9355.903908401051,0.4552201490818012,-0.7790830281654189,0
208396.9070752087,12258.501450569525,114,17726.33230538836,0.6569838575644931,0.562706681700202,1
455752.95343262726,18244.99004909709,198,3918.407104337348,0.24204501586252747,0.9759926678808637,0
259466.31365665092,15644.815490793919,167,10892.129058358172,0.7758047357929561,0.8942275076182957,0
276436.25886869367,22122.0704025802,433,1565.7227096551449,0.07857849715502074,-0.08553810283712715,0
292419.6071655479,17391.891743863012,162,7041.967736402476,0.16748258225906976,-0.6117778873980796,0
359108.34871371253,1273.86054822823,281,1609.276043196492,0.6129441748656059,-0.2620954045928351,1
474728.22206289857,15819.964175241721,103,10806.234751357912,0.8148251137465122,-0.6557932765075848,1
282844.3405537934,20523.795364081096,429,19791.853269778127,0.040754106092472764,-0.504800934218905,0
367916.74873954797,15035.326883599379,31,4881.658368070849,0.8717835665922017,-0.40541482275552027,1
181709.98005013127,4961.8889343731325,138,4360.133672384544,0.04366165770736119,-0.5089894205357552,0
333566.24923391844,8641.708321200167,331,16850.27704533108,0.6503256863469369,-0.4408235883275388,0
54655.2363100044,1250.9863040422485,372,2118.7436582758974,0.17419333657825364,0.9294049926765584,0
426197.74016914365,15904.738046045655,239,11865.444784099394,0.9876495637360578,-0.7278034554575316,1
297764.19611474883,11246.077770144966,136,8956.437201803341,0.6061887135611715,0.27590241746055577,0
334404.4826394121,24807.266250346474,205,45275.2445289786,0.21066218900566658,0.32133985041426905,0
371894.2507593349,3723.408285617865,27,3077.7395695849273,0.6018553836620085,0.338572959807351,0
266055.2984987865,10619.263778868577,441,10506.029034590558,0.24723107440317704,0.7673498222905204,0
267112.3298862513,9301.21755029426,149,1862.56986851467,0.6521232455304379,-0.23813349794639527,0
431833.40188289876,721.2449011739811,468,1138.379783624465,0.13087366071834983,0.9456778811413804,0
133304.2224063027,2300.67030958531,289,1589.4457300746512,0.44877757383140304,0.40490272262685045,0
235728.2409025941,14903.16709220448,479,21095.760198725544,0.16704190790094986,-0.4982854106810282,0
373472.9672315075,16763.210926734224,184,26232.453366362195,0.7053855941122036,0.003463563722653995,1
287907.31980505417,13727.693067804206,423,7479.1047829776135,0.05708685608931485,0.15610515040185757,1
38884.89952088463,3491.6928932456567,217,1339.0812867198283,0.08855558422324139,-0.6140438771767718,0
350339.77561596583,10235.785217377825,261,19760.98350234646,0.004939980934409616,0.9132612137618301,0
436600.78136961063,11641.126463029548,446,11432.56506555497,0.6668642575461043,-0.5486277414386368,0
167806.37196377164,17764.678687047843,253,26066.13769700357,0.1623818946623209,-0.4609716492219174,1
94958.64550024348,6246.751686703303,105,3264.142275474537,0.6616323503711468,0.9615363173209548,0
28407.675613789874,6481.608615348169,45,11276.913568184582,0.5706097466388297,-0.7453032925456937,0
350972.8404951494,17074.57795154254,166,32136.011693325498,0.8268388837118774,0.40054873058363305,0
187315.36027614583,4402.542408448726,211,519.6898874766962,0.9771741842213173,-0.0675656706988329,1
395545.0323479713,14391.89839417336,478,25299.16183576822,0.404140321651033,-0.21134030918617042,0
407766.0521318041,19175.985802027084,298,16761.9205894241,0.8178342161750216,-0.5836237003329048,0
22764.157039098354,7726.629889565684,95,9462.90613139817,0.5634389273484588,-0.11524453238096422,0
306313.0279930024,13869.3287681391,310,6381.427396323838,0.07319592376844364,0.2862074680864801,0
317355.36608461494,11855.604073114022,22,12905.861384787695,0.9514785596659912,0.7249012504706336,1
410607.81839340145,3168.49937524492,152,2587.4571861208515,0.5801723692273323,0.16048458410838118,0
387143.96554022154,20418.15059854429,383,39024.50107937551,0.01823258267636163,-0.44759962576961704,0
330787.86279420945,22501.74844927468,300,29498.00875155427,0.3800745089372053,-0.44512257216882084,0
113387.99512894447,4575.124389706983,471,2423.8918185946345,0.28487290196192283,-0.24687806313268423,1
278797.41280412214,8127.038629322089,439,11692.743929135835,0.3999052068041562,0.9581054295926419,0
270790.8994477368,3518.955027218068,127,1358.8029367377699,0.5251633836670602,0.4762832711003788,0
292309.8654218737,6785.7882006834125,55,5819.053643008328,0.08703896258765864,0.6683475583077056,0
272719.6131938149,3251.4564380748698,160,3952.068069658825,0.8191888594267902,0.7915716340271339,0
121781.52315594879,15469.034226849297,397,11225.52764054596,0.9058911047877604,0.585900460453022,0
142709.5989484507,7900.482294952479,171,13015.838286132062,0.42373825364876283,0.4015898187246467,0
319452.47584475507,11568.308129062114,261,3624.2291133969056,0.2352355848019848,0.7646673243718947,0
276971.8888844772,4871.926148080417,312,6291.0783286196065,0.6070940360887808,0.184055342885326,0
207634.87803464703,15064.670212061239,273,4357.391526648848,0.2745402540001254,0.274684450412245,0
232504.144054173,11421.87740714211,444,15848.598050268069,0.9912559937021883,-0.5688902789825746,0
367682.63222179573,14670.479466657023,186,22692.229444292487,0.2648954472367334,0.3615217075462904,0
212570.19873871168,9490.423940517616,89,6802.631248742268,0.06942384274609337,0.13430762363488669,0
404171.12375473353,6225.946006805609,168,3449.1838554177875,0.5928119916534227,0.4242374759862124,0
239292.14954257695,5162.959139067161,149,10265.987864924316,0.6618391898493786,0.20401015126604483,1
243298.6938961847,1973.4873937192378,319,441.4859270792,0.9616657359548132,0.3429280820638596,0
101829.41032348042,10532.207398627495,177,9541.76312034468,0.7561633288952461,-0.1743712563698323,1
401815.98117907,23215.85657724659,256,5651.882949070776,0.9741646286280156,-0.763952559333516,0
388927.9062984841,6469.589543564733,305,6788.672767064471,0.6235856880027597,-0.6395760221911702,1
81302.47214491272,20738.656941186946,57,6691.57246387571,0.06310903307915017,-0.5882317487475945,0
184003.760910522,9832.283375019188,277,18431.17387066187,0.5538022407123763,-0.25005624081555766,0
234657.2194423211,15214.561167335123,330,5006.166555469586,0.7862759567570945,0.23425728817198,0
207700.52626792373,12778.248479959238,68,3062.280854008286,0.8174497084911916,-0.11487807174215592,1
436667.21125157614,20245.172302881718,355,8662.045857929526,0.8187350040742701,-0.21944963987645272,0
93819.75184065492,5978.553645159625,225,11667.914825125925,0.640972077345332,0.6804650145418496,0
433766.9514908588,23107.55116757816,289,6519.131150088997,0.898261627292706,0.6927983292543107,0
477342.8132486213,20717.41880168142,160,15291.975659066231,0.06817230938549357,-0.7535385674909235,0
482295.25356280344,13963.473629427916,307,3495.8629591972626,0.5942907505617747,0.8856085129905891,0
153321.25939964535,21360.491620006,179,9307.759755944298,0.6195879548978296,0.37036196631667617,0
49447.821013120716,19628.658858676776,285,8391.771544357749,0.4846015870188647,0.5576563798189536,0
162730.42315368267,11043.26084896857,412,3227.568831158899,0.1213849394224289,-0.25410473437832803,0
352237.4440131833,2026.149054186536,279,2602.554161134467,0.22889460484661361,-0.38123803058717426,0
103401.24591790137,16565.22997776058,441,14173.730149303865,0.13071037674019947,0.7958875874328402,0
113418.80567396723,9510.104096493596,111,9212.631569437031,0.1768871451438544,-0.10325823139586454,1
139318.5237031722,3778.1915388474736,424,243.1049681258768,0.2598132087450342,0.5685216816198431,0
276948.863097244,5772.445864422319,232,9648.51169236296,0.6292988060107362,-0.4420587000044674,0
40463.94045777571,9599.509907428448,207,12439.688070193779,0.4993338349786183,-0.32116529959031476,0
81055.8860899758,21684.179607440234,131,32004.23089404973,0.47601812936876653,-0.12340108673761518,0
240534.4488348736,19732.905324007894,416,5341.361023204235,0.1021495296575381,0.38564586317339833,1
408264.06158543745,2372.21305623226,116,4005.3659207150386,0.038426348962324997,0.8231715858437623,0
325856.7088679746,16654.171094041674,462,15047.886179012175,0.22696469436536415,0.8009036490319197,0
443580.5314189279,3089.490257703715,447,3213.7870761848158,0.6802277792083533,-0.7249887789157083,0
363835.22627008747,2266.0662319674975,427,567.0028678770041,0.03557086703554835,0.11544272100564124,0
241734.52960205876,24793.916017321713,455,38435.92383613774,0.6613706110704144,-0.46664797783855777,0
67229.91186243072,16677.416632682784,371,2385.0337885859835,0.4242968858848881,-0.6512882057733164,0
451472.395522993,19670.88065181648,379,24612.898664054508,0.3819396396528959,-0.4297629280480008,0
315206.224658656,19478.527625625804,188,37396.03204449282,0.47825529457592375,0.8124662752693874,0
80112.11380775702,12121.23469270224,277,14630.90785143349,0.5824226582072465,0.5465317229731579,1
335109.73151912127,3638.3457859719006,290,895.2345682800886,0.5985315756843657,-0.6289789418138516,0
284044.1314199149,10021.993566431252,133,18908.692373293976,0.24069271183250496,-0.5812975226583476,0
445723.95210044936,16322.364910052547,141,26654.77267627543,0.861369996363436,0.7237258096425006,1
141075.68968321357,18998.527254283817,168,37178.375005740425,0.7481919059789975,0.2040638059199258,0
45851.93935905254,8341.465896764095,169,16428.71112968609,0.9373880664971189,-0.7222872755653791,1
83229.81125818971,18286.50779463974,302,35301.19213027523,0.4883941300649396,-0.5287830061222207,1
218439.8956617255,19075.532771375165,372,19443.660490059774,0.2975484513188206,0.21703958714622895,0
439194.9996131877,16089.138172491577,147,14015.57271070382,0.1608481739577462,0.2044761852681407,0
376021.7895262064,22095.544102038024,407,4472.870336812575,0.40149431586128825,0.6401277436584871,0
286440.7756650974,18460.24675272703,250,22743.80230447623,0.6878841098799151,-0.12453217200320066,0
271596.4019485579,21277.17088270391,333,1599.1203308325314,0.7457337827312321,-0.4355349917025727,1
196611.56062500054,8509.824600282938,262,14345.843322994442,0.47031905410178565,0.10369038427920485,0
204980.42386273367,16262.446907838716,413,28834.80408148143,0.5930443341867842,-0.09525374327990721,0
353896.7103184673,578.8474583048277,57,276.5135408129002,0.18131927992550523,-0.10218752944929044,0
439645.9858929141,12997.687956221218,22,1779.4082084095683,0.5799837874281313,0.21067225832714276,0
309674.0799662983,17073.464462045875,101,20601.209945006274,0.02293281126804203,-0.22020559238746606,0
91519.87335163685,17537.683384037304,95,27552.059649626637,0.7076809347409158,0.6195069364103316,0
231295.51901863547,4112.5869043039565,202,6076.110889916818,0.2358575991436871,-0.1314403966285177,0
404656.11959336913,19281.41883730526,332,35990.18659548232,0.6425651995351915,-0.041753504070670466,0
397112.77667851135,3399.236677622989,217,6739.033995235022,0.7472195877420377,0.5319754960341012,1
117409.45643595305,14355.97414057529,157,9671.01969294519,0.026196708532064794,-0.7564548249955606,1
151073.98878694995,13192.929772850977,384,20670.838953935243,0.056136103416210004,0.7349104357762801,0
200918.79907345853,11812.453933503362,487,18982.109913013424,0.45818688673789265,0.06934396975363932,0
58688.72660341983,18334.51302085725,438,16075.204720275777,0.7295082286523967,0.5779232181839975,0
312908.0717492678,3816.1750158032955,50,7049.519820748532,0.4720604341969983,-0.775875272422102,0
41405.55601902154,1389.0467540308027,410,761.4323184235744,0.9062545805210367,-0.35081684027088905,0
384511.1659606226,11518.62614003823,224,6250.372350063282,0.15638180440344795,0.7355613221265709,0
317455.7312957195,14268.824762936765,40,15240.792762869089,0.41109560260070654,-0.17478201273408323,1
30475.23045223496,16762.84731130193,167,4378.0947737378,0.8821356142820601,-0.09179387618553525,1
398102.24745330017,15798.423438557336,184,31007.764200349917,0.2565300624442478,0.377514282653334,0
291358.5221943728,11866.345923864237,364,22481.009666938404,0.9673561777882752,-0.47057220037749115,0
365603.8590382943,10740.753379826867,346,14719.693030336528,0.5451055282606997,0.9649302796019907,0
213909.38063674315,13792.372183187861,442,19554.666700908896,0.5435382173426461,-0.6528943776557992,0
252654.21782242254,4561.476234000256,21,6092.935982402769,0.2160904531853075,-0.6243874815692605,1
240877.88695445104,18857.45096104652,95,2442.3967701312426,0.5125026487703317,0.6515265110191111,0
44939.15722604884,19763.81588490881,467,13496.621032421685,0.8721357000224765,0.18072596635212812,0
381971.6865517587,939.6691249280498,251,1661.9566349300953,0.8795818549515292,0.7670411650828124,0
236594.88520687429,24632.246575451438,45,27532.840210214825,0.5525136147827252,-0.6305265617737438,0
155566.83136952564,10072.844957533523,246,2214.2930835254374,0.656780104724294,0.6797856890804059,0
392293.6884441572,24129.678020569885,287,25303.218035585913,0.28713795808457554,0.6271379542609108,0
324599.5604241458,20048.896910589403,66,7933.2004436237,0.8969579304235343,0.13634294185279805,0
287753.69212601666,4567.840678696788,355,7845.198632408109,0.9061432547657664,-0.301571922719944,1
87541.53346340403,5449.3838758610045,27,9753.9872508043,0.6542925523249619,-0.5262122901999089,1
315343.052033505,2544.8700822398905,51,687.0129328281687,0.7397303320855406,-0.22459970160701948,1
252972.31191674582,3499.6305097940553,177,4478.762775813272,0.165954895295785,0.7874699649483592,0
97872.03477559009,808.8842394060964,44,241.1987399175938,0.029364159102392318,0.681325203198675,0
201933.02058516676,24349.70605441624,495,41806.90026872845,0.8190635138616561,0.1734287589739799,0
170888.0543281992,12043.61352385396,450,15731.706325718305,0.314060794992732,-0.34222043387902995,1
442314.5186968137,13373.155357369475,296,3109.5198244436483,0.08717946783183117,0.4943394052369401,0
454572.7396533778,18621.94686780571,357,27914.325886592203,0.6511475848816741,0.317671421461176,0
423894.82548068475,12046.535601255031,290,6193.637249255152,0.031115599917357684,0.5307305232965918,0
171161.40253422447,593.519786046505,66,290.10304263476553,0.8557372589057863,-0.39107679735767326,0
154052.52245811702,16250.606796438338,23,28171.974502245626,0.21552986879133185,-0.15131992412537443,0
386314.5398042669,10503.505397606552,161,18991.738956397687,0.23276314710128876,0.6533128546119125,0
451446.7463265187,16443.82941518931,153,22091.742209279586,0.56044063098044,-0.6002189554157341,0
240971.97017692463,21681.808433305414,347,5674.461309735306,0.41276112926602604,0.6442377924866756,0
28640.042693703195,10825.379018691561,289,19885.245636238833,0.28003732955048943,0.7450150182384176,0
457169.6775890793,18972.066638121207,220,31868.670539342693,0.9817986932606276,0.31842009505635316,0
321554.2930223751,13550.559225658097,294,23665.329800966032,0.11258039041193701,0.46663475942943244,0
66336.54569381158,6426.398792341555,339,7333.014152258776,0.2838284470235203,0.6841626545566579,0
128648.71728391325,18391.030603708576,60,1865.9784560566059,0.9028949951919872,0.7340749739041266,0
304746.3536515445,22361.411204421478,146,28041.74810164978,0.5313165205680591,0.7086739303934639,0
226007.64483025132,7060.528549464188,69,8138.963912784612,0.6588250701400705,-0.34584695028906826,0
254419.82191181058,18570.360852774258,220,33793.23387465405,0.6692002629380784,0.69271623877016,1
294450.7289831947,13177.435617998512,450,2258.335872442231,0.9106765794351396,0.03597982520597698,0
183591.53589912638,4538.20454599567,425,5549.484414064215,0.6313075530919887,0.265054892151386,0
133968.064819907,13052.912549871871,47,6190.159764963761,0.7867503351544369,0.9473791716546094,0
150353.00708049914,12085.979753867168,380,12286.816084308743,0.6341040313763313,-0.6723220109592078,0
193689.48473846656,12076.087197659583,237,21924.465964526826,0.23885666040192766,0.045355194425276135,0
247026.2461258449,15751.732545378758,161,19280.610640158284,0.2806832155159743,-0.4274133588108318,0
22642.783597001995,669.7030164321543,209,1132.81820567247,0.843924612611724,-0.2871655612442705,1
230498.47449796903,5853.490941676192,125,3506.5194539430786,0.9317537194328164,-0.085372925773055,0
316191.92773654463,3289.0406401767345,326,5799.821939495015,0.5747795542644152,-0.7465971984834684,1
41529.712651312955,11539.626965086782,146,6413.125487536998,0.3945760755976464,-0.04070927863010354,0
455653.28122714633,17993.799789437984,287,24310.05649822242,0.29672764110409,0.49317261367372334,1
366268.8565310184,21640.572321354102,193,2308.0843024114083,0.25760722033372185,-0.692855539374011,0
349563.15847645124,3304.9471326146754,497,5310.225637102806,0.6626645130593555,-0.633887374268137,0
283800.15522662894,22557.87106781965,351,3709.3628383428936,0.3547712918359842,0.8951062809140651,0
345761.5792028311,9367.039775527692,350,11256.081851426516,0.5021536099619869,-0.5500316124862694,0
94074.3513358781,4710.2877925138155,473,1223.67383250183,0.9024533072858417,-0.6804010801596052,0
88225.81942085968,786.8119629071496,287,534.7790458883467,0.486000493797603,0.23895979612219143,0
79041.5816593979,14186.738713035422,242,13292.624667465658,0.8167232025585446,-0.6787078013860595,1
428883.79369949485,10395.497672168032,448,5797.910594436663,0.3063134987782127,0.620173287857428,0
403222.5634488092,20649.34815487282,175,23965.01859350555,0.759351025752613,-0.6220274882468563,1
25908.657447716283,9566.282199519253,137,13529.10836981973,0.6884050184921369,-0.12580480336378164,1
226654.08246185962,3993.556530006764,75,6109.245231579752,0.9466444339935463,-0.18841611112798784,0
201876.9334682309,664.4045624494688,498,1072.8730789476951,0.5959888421834818,-0.617732153692714,1
274920.9655449166,21122.222362744564,459,41740.22716243959,0.45400162119611487,0.4388936244044266,0
253083.05583651093,1174.6496368019043,462,1296.4308644056614,0.13578904706393713,-0.6212560350433527,0
464305.9184121612,10646.680496041556,70,594.9094074051425,0.7562136139501768,0.02534141598740325,0
452039.92784791073,3345.4045249128776,189,2570.2587464432445,0.4740064284831559,-0.0005701163016471611,1
281782.9381847852,2660.941742851832,78,5118.937518773684,0.38948189490242036,-0.10607857147353983,0
279875.65152684087,4276.553557872934,324,4599.229923964738,0.16833695591913023,-0.355566631998346,1
190969.1106164452,20756.966858012267,128,8160.138672853949,0.05764758219902488,-0.18359363809751605,0
483880.34521587554,14163.866243126076,404,16485.284157786606,0.1391967013456955,-0.0007212514360347422,0
254670.95926037667,10343.580616030944,292,15222.874140813696,0.30048938560043237,-0.2135183883839904,1
241493.84570591006,18405.041703439314,27,1548.5627436213845,0.47554603748682667,0.1774442511237937,0
482733.84663944656,22781.63796796243,286,16169.483179994715,0.4584664245692578,-0.7316331860782638,0
283674.79011352354,1914.6557707947575,203,1128.4231750758597,0.8770905810181889,0.899275768885716,0
242084.2904313889,24534.190764985786,255,37052.57988985307,0.49193110010572905,-0.2555945390791162,0
270773.18979462294,14286.43662604731,426,11105.91885757249,0.5112754622007512,0.08618586400212747,0
435477.02989978506,24528.11391779402,101,21809.92496093375,0.6021169853547795,0.26453216696047854,0
248712.0242135805,24905.012266166308,347,42550.47032703305,0.4391498166337483,0.7245439375727087,1
49979.64493715429,22144.886693158485,462,1460.6053170486362,0.9715330423905887,-0.4026581207849929,1
386046.2694532041,23266.806251177117,233,33657.89482651485,0.692532431537108,-0.5580167670653807,0
192183.45220016647,20208.71158814787,171,29654.735031472468,0.5285781097221971,0.6281092257496259,1
116312.4883538054,24868.891718219948,346,215.0379410027257,0.04416193617783126,-0.18479167147382902,0
53134.179626167825,638.8124559743981,155,1005.5026235749341,0.6585405156700549,0.5790086790320552,1
314529.97483398,2670.815492257137,284,3890.4827546885876,0.2803344607915209,0.43733145544522767,0
166945.92362220475,13953.69323879073,417,22574.908849515657,0.9476880259644708,-0.6698303445357106,1
270836.76768163766,7839.359109869911,443,1859.3302394977115,0.8420744373985792,-0.3639838079157796,0
89694.32618463694,17897.696382331815,203,10640.510164712903,0.23238432305604784,-0.29419190196431555,1
466029.46574328985,10425.016015925377,46,557.059320957256,0.5832574924561156,0.7160153434191061,0
125251.50172346034,1324.8948662398816,422,1012.3506778093772,0.6478174459905284,-0.5787427787623024,1
261480.29637432145,11509.068679971231,29,18925.691216316063,0.5546573480350956,0.34676350674562895,0
242322.90404064403,6249.009323508309,72,10067.492568063797,0.5525009674078891,0.13630580615935206,0
392166.1521935051,7149.529820944502,138,2352.313688773662,0.8819921697216359,0.6828005621820974,0
150342.58275739633,10359.942617124889,460,102.7773542943436,0.5111291392372298,-0.7156665646503144,0
359348.71397874376,2035.8957297357138,325,1954.699514101923,0.3403707463057627,0.8928073103251106,0
466825.93858918804,20754.50916830995,126,11296.720553995734,0.8427119021605549,-0.23597374834674234,0
448098.62950915267,11128.526779624974,196,8460.159004416611,0.9363211539691568,0.41525211006940244,0
40300.03962688697,14333.411749432946,335,18174.56856584712,0.7038570916343312,-0.7921461146294437,1
362262.104304473,16826.442632666058,436,9442.4455183738,0.12960065119544195,0.41699481654594006,1
149104.65516578525,12147.461892326806,230,15685.141319553746,0.04818601239329623,-0.15190916137823907,1
260192.5499408966,11101.863832482764,322,2553.0169803621297,0.6344241452865836,0.5874051128749835,0
432299.2090019022,5057.563500138808,248,8334.235983540355,0.8503480011198954,-0.4184107015424155,0
246695.26599823122,22063.840079076384,119,29942.54279022456,0.6077521222527226,-0.268457340370701,0
332787.08502909273,18595.6377242421,47,36248.85332407586,0.052198629044971634,0.4279489851278988,0
298004.1225798666,2590.8627438659587,254,1968.987428011101,0.058091952080349785,-0.5992780178217025,0
148444.48482942634,20969.265530683762,65,10220.275567979648,0.9110687027673836,0.7088776471822689,0
475446.0587989426,1269.8346270261868,406,1086.333266106309,0.5309376784120938,0.2712370148302268,0
242765.67653768187,24105.731401745914,207,19231.406734440803,0.7623090320219387,0.01885400111365676,0
125506.56743513122,3722.1975394512588,479,1022.0903794579857,0.016947664889580993,0.5862847811627727,0
77699.4699778766,7006.779407485848,499,4720.68405281218,0.34180370549218253,0.5302478040183256,0
328092.7802505706,14480.915785082905,227,8752.79233123469,0.6464587416379305,0.9535499988694427,0
31325.58302985398,22514.734814533564,244,27333.843679942143,0.291144247785179,-0.4272291472821718,0
451738.5020221288,17898.318079052613,176,8902.920233076737,0.4840770697102016,0.5453999318740492,0
47765.33573463709,23965.850124210996,412,11539.370970659214,0.5307373552868359,0.37172320321253083,0
289420.9006152333,19534.736253017025,36,8882.989126964752,0.19583308413427003,-0.5465546919931831,0
395034.4907587064,14668.310785798836,286,28800.226743975032,0.5272651809152565,0.8315577350459862,0
328553.07910408365,20341.574590334363,194,37334.464842977184,0.2905045056714204,0.04597888268428585,1
359706.24812841316,2023.9790410352175,260,3773.9966564236297,0.4973124461689724,-0.38554834272107363,0
219508.24960923474,7896.9591518987945,245,3896.253596044165,0.5006035711547075,0.42331659892319395,0
151857.83122298814,20270.654526657843,229,22215.719749460335,0.18030793542277812,0.02547629832491194,0
434701.5587528049,12292.667725123789,254,16611.660961921603,0.13699906305367138,0.9909664647851673,0
208091.98227635786,16648.2872295034,188,6637.258810780602,0.9514298103618323,0.9906747291387119,0
490948.9912600745,14453.72459939404,158,13321.56711626055,0.9193874045726727,-0.4830281516049296,0
26254.192523400197,847.6562101962959,127,1364.4368333573684,0.9078987937796194,0.8986628670763974,1
270300.6265863065,24444.04374579184,266,19263.657100335753,0.854221906340868,0.5915602750554392,0
131379.1178725309,11726.74893462443,100,3899.6081203606786,0.5650853124527563,0.5889284397614938,0
25809.496052531566,721.4424924426584,120,606.2482237716556,0.5519903021207211,0.6485556195814508,0
407878.0555307984,4858.259039201074,74,7109.109236239208,0.09539927731321063,-0.028336362224419487,0
250827.2703694443,16729.633286676166,29,30169.479005592115,0.15380702464160778,0.9821554769214678,1
257444.091003816,13061.64607140939,346,9773.483976504745,0.39245818622948003,0.5576769520246407,1
476445.7253612232,14639.50335793886,225,18250.496567964867,0.992442289374779,-0.10461828846236143,0
219489.87003552105,21258.155859185554,276,8226.66610932933,0.9182390866754371,-0.6167533706908336,0
126009.33582224428,1453.7841014788526,397,2784.9338860443654,0.14817792822994547,0.42318986884103516,0
227062.71141155585,18119.417475141938,331,21063.73465262193,0.5166983852262678,0.5657972567631853,0
189464.18796814515,22405.310412064642,346,37918.45852487582,0.4009417624730467,0.5735950544823549,0
446665.96352174226,13840.391341706085,128,16403.836431752676,0.18613589775334793,-0.20318354167905128,1
119396.3884212105,2243.377986749104,343,1395.1537406978157,0.8794965707281264,0.028004312045438073,0
416838.4486525986,1667.2108071944117,183,2343.4532372236326,0.7711228158518866,0.37837123635871817,0
440423.88008818735,13707.816542032213,267,8022.331037380582,0.9310099708852998,-0.09471686608969998,0
275370.40591244085,14965.561700655986,207,15687.065690406054,0.054634420000972295,0.9515406933501991,0
166015.3854254148,7946.591550248169,22,14041.18570307859,0.05190094358730901,-0.4559863229071953,0
371227.8735508222,16195.57202366337,188,27496.62612961993,0.4226291970136091,-0.25472436984722735,0
362058.23988728615,20511.096929388084,225,5229.862003828986,0.3369647257174565,0.9991790536943697,0
125834.44865077107,19180.830669651048,329,22698.78477848176,0.6610142542473203,-0.6587795306291769,0
360473.9976668526,4599.37194802598,274,4809.476187213677,0.26884674245284335,0.331181285354198,0
193620.9223325987,23755.61135832755,130,33971.72315694181,0.759005282521931,-0.615471264680346,0
264267.46668370685,9547.378870280756,402,15818.28207477544,0.6972093819096368,0.48578794432299555,0
462077.3701263564,17517.58796770549,186,29811.375489742935,0.34460408444755963,-0.7444557722454697,0
88241.81441786987,5728.137025404394,359,11212.403384723111,0.8565372237479268,0.4621057508624675,0
289794.9413132341,23703.72134415872,84,14859.166161262905,0.48250042023536066,0.1120107681689424,0
455154.66112263815,893.5156920346506,62,1515.4148230105607,0.011417983454073632,0.4666596033322916,1
230077.43751113766,6256.8484224008425,334,6320.353038179201,0.7061931829633586,0.1617229934086164,0
226206.05291651105,8066.44338817985,355,13930.617002640374,0.17925561190779005,0.6400062671746265,0
210345.76735518235,3727.0182001877924,477,6047.870986739469,0.6771524124576737,0.3250525349533704,0
411877.17678321473,12787.128806253479,347,6480.483777503439,0.6248740996069989,0.22914276965874758,0
454921.78903100506,797.8409011959768,483,343.5195069572271,0.18691444060846163,-0.7643678149749421,0
111885.2866397804,10585.55878118921,409,7138.806098315111,0.7326990505902804,-0.07185070596703458,0
396204.7243923715,7501.078952521297,387,5069.312225192793,0.677540945503534,-0.6702000327270167,0
203091.6998783895,24560.213656891083,103,33016.194799961144,0.6322821536376398,-0.4418141498730138,0
380451.1032143928,2983.635990052399,48,2008.3531286507655,0.9412724482418516,0.8465160069217066,0
236055.9327079093,24439.053709763546,341,47447.764801611964,0.1133035047274642,-0.07351819574913576,0
358186.1254531737,10856.85160390134,238,11332.73369403124,0.074042217912348,0.28986880458592834,0
375277.4570055023,15952.161543390233,299,20987.68203194691,0.9685373316998922,0.28654696100687516,0
56280.134649952146,23809.868910716366,494,20551.295270271232,0.6957974776554449,0.024439981002865707,0
285621.9277408195,16219.981766270186,425,31308.561856498596,0.2508930456911025,0.41684731849458556,0
312803.56019815314,8166.231158234381,119,4150.394881742599,0.0020185177482339167,-0.48665298443942734,0
235560.67760525443,15500.324693665194,334,22859.416852190756,0.8829938248297731,-0.43526125855638237,0
356547.00532038737,17162.74119345083,303,21576.030610620157,0.38561351286564804,0.8852808509437944,0
471032.7254208839,5901.850490095951,92,9928.786887085183,0.18854060574925113,0.410428896445052,1
68908.68841900966,703.8385845662043,73,527.668814444365,0.8900570254652526,-0.6482576336995693,0
433433.4203912436,20522.68162848712,398,29721.833699333623,0.009054161580370979,0.26101718107245486,0
326090.35851004906,6429.540959531491,231,2703.1674236679683,0.6539940923398012,0.6730652196664071,0
457530.2207961519,1222.8493510575454,244,602.9330088821274,0.2708063280369726,-0.3543924134962045,0
240291.44796647376,18451.970132261045,333,22075.477058150846,0.5948032146777896,-0.1300392947146054,0
444782.8679266822,9890.463871233933,183,18456.60811520136,0.5442539661136977,-0.43949236783827345,0
376583.1169606107,18578.976137173624,257,10902.235255326812,0.7707425309055517,-0.03050782935783347,0
403865.00670313335,8673.366331211557,463,6454.540021559779,0.8953460891531693,0.39963348554830436,0
238085.80307247446,15941.05687667587,382,20375.534946082003,0.8336431341439584,0.09897718576030357,0
89306.06342416027,19707.690287889207,37,32525.094253597148,0.2923831104121931,-0.0009449818885199912,0
164502.11736047026,12814.465444438198,80,12086.485113399998,0.028311274402667785,-0.42194717087069317,0
362220.8037722268,781.5655958038251,140,480.76028371004963,0.1594922625413583,-0.5111672943117924,0
109110.41835259665,16773.374932229723,474,24200.575666456436,0.8264880901957624,0.0031621977595786,1
23822.91427781654,22063.458239160813,302,22774.11116590291,0.5355538148796726,-0.15760524469200166,0
417706.68699491903,19837.6747838323,330,8650.654628016879,0.8093243982852624,0.6154439195106667,0
199289.68491185002,7151.719477455763,355,12546.749573639494,0.1025679625835898,-0.09308466211145083,0
261503.5868247392,5249.64516445387,137,8362.086766456887,0.8843765470229713,-0.1793934438692354,0
218967.7111120603,824.6503208458084,476,348.45422660645477,0.6736454174749077,-0.4773441396692947,0
130207.11716190496,3380.006853680389,420,5032.580303666333,0.8629723989869625,0.1574003422135254,1
162457.60736952827,13763.555448853083,433,624.65228383397,0.1657481769652207,0.803539962969664,0
190050.23706426352,3080.964369792663,439,817.8235291797038,0.21189433044010908,-0.24019550948117552,0
136990.15161168406,7056.219572111834,137,3176.485988133155,0.9598628027134553,0.30934087466630333,0
219572.04969119452,11009.136169038535,38,14982.035522104969,0.411864740417496,0.5564703353423552,0
177225.03928646355,13893.788749932575,404,17582.460316115044,0.5325040664159818,-0.5922896440779488,0
76257.87472651203,8761.561101360925,147,17182.248752715972,0.5122847572434851,-0.594285614003637,0
345870.90803736344,19438.174671986875,122,16357.82440340186,0.018124041045729733,0.626964604431063,0
247642.41006893772,14236.618226004273,136,6396.034242644661,0.7146412749087242,0.7868142188933624,0
354692.20114585134,18939.638204759984,112,31131.458001588424,0.8433261677878832,0.07317038796317221,0
399947.9372438576,11556.705769216745,358,18984.776918338546,0.4045686564040174,0.07181996732471552,0
216674.83349261075,16370.46870728338,165,29534.74962785919,0.20347274249759584,-0.6794474983545113,1
206914.37070986014,13773.1436245553,311,23372.472264299326,0.5455851826691478,0.9670732165380549,0
266416.7409079594,24735.83497196488,39,49332.55805080743,0.5590592849466022,-0.2219081252552837,0
188249.85645735767,9627.065207108995,78,13634.964837613217,0.37448039996801696,-0.13493251874351553,0
187973.5709742271,23267.565855420457,433,10207.41436867843,0.6616842883998565,0.07118086272354485,0
406157.4283672747,19433.834545613267,226,1986.3442035894996,0.5810150933751095,-0.033072240273025355,0
270115.13144402613,9079.973281722892,499,9455.1979987014,0.140324518193515,0.40808345208343955,0
376281.52985556185,4662.084648243015,284,3300.4423129506436,0.3907551523296371,-0.5143780273585672,0
310597.6436036419,11112.496227221576,365,19771.948608207425,0.5788067545119405,0.3383043837910973,0
247482.1856557293,18051.729242973426,73,14004.967450162767,0.5885049351589888,-0.46632899765147934,0
433526.5794689089,21781.671175673928,157,22138.507018758417,0.18792038081532303,-0.6614509951144267,0
203743.40692946615,20634.858191341304,165,39561.084047855984,0.43108686262328944,0.18881676082496368,0
325645.62418127706,18831.70436763145,80,12289.769389402334,0.26951186229227264,-0.45633214687104173,0
124983.4942390051,15084.930015223483,297,1998.6197706080775,0.7767904834072271,0.6789662793311881,0
491986.7152728643,19774.354347329074,376,29601.26607261025,0.150608103218274,-0.40898440438458056,0
146722.0879805436,10673.403822183991,115,5271.402509621285,0.557337169573008,-0.7298372228099653,0
175053.12596196507,22499.02008046281,206,23186.618945129034,0.7362288825285501,-0.014444722286732548,0
65277.16461970094,18826.116041099383,201,26643.339204754622,0.9672635875263655,0.6879737034291526,1
468114.12005967106,20133.025800908308,80,34563.406978835854,0.9976282974021565,-0.3653063265376379,0
217371.92863740126,3686.9764108092004,478,2721.7277362727805,0.7837382510752364,0.21912524420512747,0
334084.16263650544,6184.445417565863,185,310.408802163882,0.916603301642411,0.47108530381429725,0
83669.39724845752,13035.075088429388,461,14731.461866951284,0.6246140481145316,0.7559798443630554,0
298856.18234632607,24771.63934811126,402,36342.10225062456,0.6761253975882903,-0.5508161120070902,0
293352.55240268185,21776.06430456386,158,40473.08991953509,0.3419052781054903,0.14981943919905094,0
497902.93255946407,24537.388742764426,407,42269.50194813524,0.46116690125391,0.8918772255456804,0
475616.3327268279,20904.381595792354,174,28359.00563828681,0.3731226184223836,0.8950455759844549,0
260172.5341834691,17426.65742549516,364,22642.353889204544,0.27528821345186016,-0.5188281763640805,0
307665.0157469301,4894.222252086404,479,510.23081806645513,0.5797261570972247,0.015239926481699362,1
49090.355703156696,17292.18591442714,436,21125.03271205786,0.6996395696221217,0.7086789549795567,0
481241.6705258358,13630.409431876897,203,25998.79407297658,0.8816156398779976,0.2520996319554225,0
328437.25295534433,2424.666857631315,94,2915.595857049551,0.35492466087701,-0.7064191664401266,0
223200.8691935348,2571.8517633823276,147,3208.5075780712273,0.24628601881053158,0.44322358806641193,0
260756.33596061522,24416.580887208052,459,9683.550969031417,0.7374260857706773,-0.2842648119311787,0
498674.19195372926,1235.6371305701239,253,1739.0527725944823,0.6030395550532833,0.31418481645745877,1
392437.5357475069,3634.454650538688,399,580.4354808106523,0.9753431334790705,0.6705530330893061,0
470223.3110882692,2585.035409934741,30,4102.361674974107,0.41621805884534935,-0.4973873688812675,0
46506.80995665367,23588.39462305578,435,7984.942701885003,0.14727556355209093,0.951538236242137,0
484525.5033293897,11273.641919443759,75,3592.156200628799,0.20727297906766762,0.33504569484956614,0
29849.991070076103,20752.149464810973,47,14811.765081410927,0.6739942081457304,-0.6873832840049872,1
408331.3473400047,4099.587127802384,467,719.4244866498349,0.9867291015008487,-0.3115412656297811,0
418070.83238036453,17813.550575103647,321,28656.857649237718,0.13714848815274316,0.24525835219771297,0
89157.81728633579,15787.962895460068,131,5584.472379747458,0.8754056251218343,-0.004856315052127247,1
209939.82251542044,18022.06814211591,200,15146.476939235348,0.458431424131438,0.5050109373384137,0
340261.9218532069,19537.707498468026,418,7865.69375952464,0.04496144159155113,-0.572558333633881,0
387276.95783204783,23540.270578868298,237,9269.028594802914,0.4893925374065887,0.5349546133048759,0
251926.81439056087,21036.645316504113,346,5011.3671349321685,0.7997179136187196,-0.5781813637106153,0
219749.77646749123,13089.342997126649,416,23306.998274098045,0.8178563056550295,0.11826708482138182,0
266190.58664902847,21805.349020632046,329,10099.921267992575,0.5526622677767482,-0.13008814055558515,0
87787.30081911174,14486.496712567168,239,4872.771820821031,0.8542607889973357,0.08337701208224879,0
453531.573840526,15294.34907223681,441,29671.797053567665,0.5712604699370973,-0.5425979792016925,0
402911.4864071427,9501.072853078225,206,6479.102288868057,0.7294637698316637,0.23180175000926462,0
494490.39103781444,1118.3149732824731,306,566.2287528902764,0.8740717733051852,-0.35059588506758577,0
20313.627565423787,17751.11197491026,133,1994.5310006019233,0.3765302877892983,-0.38229966853791925,0
286081.9876833655,5387.880215775406,427,5289.812598628084,0.9207396503426354,-0.72789358570875,0
119619.64937873767,6334.5930148095595,206,7515.164686715872,0.006435211496795712,0.5905293149429272,0
315321.7535755587,19130.395636220557,420,26968.374755311146,0.9351720867264933,-0.12355097147704475,0
248330.15264526018,17022.79146944255,113,7040.119184206053,0.34041155611425966,0.11904536342720773,0
457090.74426292244,12991.423233986214,498,3293.96435398909,0.6263223516561951,-0.2987526879304059,0
465624.0827054276,24911.75819513686,63,1341.678850569493,0.44903876793012587,-0.37253859784593657,0
367807.1776868619,3234.028498952563,460,1304.4485694788448,0.9223674846701029,0.45212437423730445,0
115923.81021533097,1860.3633038241885,122,554.3515737159462,0.7727714196650791,-0.37352001516803246,0
291575.14632367826,23264.04557168634,409,17087.379714173545,0.3180495725509187,0.5489668107654555,0
62023.358733334695,7428.627701427244,390,5192.488967912432,0.03010387221131894,0.9306861842334018,0
467938.442124467,7004.661982012272,292,9188.122753087706,0.19230989603362747,-0.2678218250975265,0
307821.2328607623,12905.092579179562,233,7233.668290633381,0.28161604210563174,0.9340485768028683,0
363703.9871562293,17803.030982603923,266,15568.030924768826,0.7944808178535061,-0.2993675201240976,0
170318.336878293,21313.588279453583,445,14703.266911489547,0.8345717902556277,0.8838721243494922,0
198804.2871456636,23251.448771827156,430,4385.796123030101,0.16279098920622936,0.2713831014283745,0
484676.6630963521,11444.505917833749,309,4416.088841775278,0.005026552609803114,-0.6918264613192938,1
330807.9031248143,7189.495173531266,230,13013.34449740893,0.8174078473061094,0.5626866064575258,0
23301.421865431672,5344.09999149628,200,2741.313354454957,0.7171205684721935,0.7410384982247382,0
383582.9338163445,7729.272556975579,195,10713.611876214136,0.27163318127436964,-0.4569023004659904,0
184211.65801452514,11033.961684605632,452,18168.499427194,0.17334305297528085,0.07447137204273657,0
347433.5175495848,23772.54187202886,385,28381.158284603094,0.4338439228552442,-0.5040700476580183,0
282413.9273946225,22609.119315509535,131,9931.657098691458,0.015176882286826898,0.24655079004763691,0
439049.3091342637,13317.004007080548,211,23937.79370415465,0.3995187845869348,-0.2117695294560008,0
416744.5156119028,20124.02715988244,24,4064.1067453071314,0.07566110390411085,-0.14922548224273058,0
300837.65225897747,6043.743645006696,78,7230.725401276914,0.7388666771330327,-0.7416017971150635,1
275500.1004566981,3029.992717438686,109,4805.362599555212,0.7481608263876856,0.21026022053486337,0
223302.99967611025,19942.48103620064,122,38680.417951578704,0.43123386979155787,-0.17446616843524165,0
45327.32377260926,17454.27577069304,458,7697.310028076046,0.9894317657796315,0.23398616056997046,0
350606.0195894554,22494.71737948827,354,36940.58676568286,0.4773503981224013,-0.16852560319697196,0
406742.9723207446,8540.397328541494,109,2749.612071515489,0.834590952595272,-0.15499761799098732,1
291530.32262768276,4975.4734138718695,91,8063.561949084638,0.8236236107489735,-0.10770006323821724,0
165577.2276076558,23347.594521273146,25,31747.41284775547,0.07656825843353898,-0.04262983682133359,0
469812.29356144497,8139.152355416331,409,2708.2470652519705,0.6564096035006569,0.9480716332629144,0
363081.57269309397,2177.036087867411,403,1117.3296485674055,0.5123003468870806,0.5924297831152965,0
352800.8737926592,16381.779485861376,423,18086.625767934394,0.4032077561332522,0.7005592188553103,0
313678.8896495463,9649.719655751278,382,18574.880245971162,0.44411524649633227,0.5500511418559442,0
278135.80867586075,7313.438119125733,482,5841.8831572844265,0.18177886721736192,-0.5177371304297498,1
40119.30402380362,10769.980459601973,303,11211.820968391987,0.7101147663372793,-0.6276877014600849,1
484963.8106756914,6927.4026861331695,64,11605.87393264561,0.05021443169045525,0.03630370385614756,0
171961.64475615256,7499.640054096731,305,11310.186801255712,0.5312940183509319,0.41938852821093,0
371118.3027407068,20699.552181311454,192,27277.081454828687,0.008059103342119789,0.897714681330313,0
71654.80868473224,19319.140370331614,25,9779.631746207044,0.8442123252861431,0.07123703051692742,0
168064.77511495232,14539.533915165885,131,25727.78789116054,0.559405425727357,0.6912786410114338,0
354413.6534896393,8446.472288528865,356,12331.491388469864,0.345806098410425,0.4079676827547569,0
474442.99745227554,10305.200758316963,387,12802.982921047002,0.45440315447995283,0.6043406832693909,1
111743.40245547048,11761.445081659525,37,2919.82503500475,0.9385297834731304,-0.473870097709851,0
126884.51797908077,8026.802217021137,275,14728.530725937935,0.7762904775159478,-0.5650977245890685,0
232281.0927293884,20031.67127817969,333,13709.309916082166,0.8049637303992545,-0.7056956679292499,0
181099.17102939764,2381.7823061973913,478,210.56264093594936,0.8349472056944037,0.9544430728873927,0
131108.1026073431,21776.033336699886,351,1661.2406719322992,0.9269163463311081,-0.41534334517340893,0
24649.703715664516,21219.361246944645,206,24794.16118201839,0.011302536589022472,0.6172695246686912,0
39323.84144443141,14914.629414087256,352,16933.15275570845,0.006257471026470229,-0.6886057369751446,0
291714.39029511926,18910.597139253918,210,14234.960249934029,0.5498685627762052,-0.7089684131163881,0
419534.4990372776,20238.395731401877,272,12921.835049449131,0.25938840074319625,-0.6423356646692965,0
112759.71931240072,1738.7001050087044,194,3040.663372321689,0.08352491468001877,-0.4199733033955327,1
44621.04751098348,12567.116827500087,312,18313.136740297443,0.48439118560084926,0.4488500025413411,0
123800.25352953387,5610.415009655742,184,8553.62048751813,0.15389990469377368,-0.531350954465347,0
193315.86864369788,10507.161744507823,291,3682.518159919705,0.8273565548261456,0.25270953703998766,0
405368.58031786204,6539.737688130583,393,3472.4329184559065,0.8860861088135163,0.8122418996799097,0
130397.00190235545,10576.947315622665,89,18524.643100026577,0.7905205102716735,-0.5460063307615681,1
70683.9420687872,1609.7187685203974,362,2401.991885806866,0.3604745051415539,0.40828748541243853,0
58990.224707202884,24818.253989450204,125,25097.064338784054,0.11728014780044504,-0.49568879880851074,0
385604.420582558,12923.519389476534,434,7552.210587298581,0.46768121248487704,0.31490194485970346,0
225193.49796332864,8591.974353801068,292,8654.11977432967,0.6448612228149799,-0.7576415100546222,0
153890.27651526884,3664.7739084562045,360,5735.5532670271,0.01620039733946721,0.6730847646031635,0
447158.420654174,24803.08730734676,340,32382.63298654314,0.7809193563860904,0.6246343736011342,0
265586.5196091267,1994.6750036321748,478,3908.2631079434786,0.6738388982700046,0.724397003972115,0
344712.1997698901,15058.924769060632,469,23088.54087167749,0.00540492367266987,-0.7975767122781854,0
88829.77760522842,950.4604827141335,285,1346.8753854580254,0.23333282264932664,0.3255943059180171,0
124982.66667513881,1968.610871102053,227,914.7725427422668,0.12200741357688905,0.4624899140074421,0
498516.42492289055,4994.583828180618,108,9285.647817635025,0.33197150473584547,0.037606481091074895,0
59167.385602322414,6835.493982802209,295,6650.89873396219,0.7774554671823856,0.41112484027938057,1
256447.52250647076,16018.587635932114,76,30929.042274991993,0.0504167736022092,0.8026917775394788,0
290681.3920426994,12756.824112590128,413,13993.54817332084,0.8398203522034884,-0.5705257757475569,1
434244.34211226896,4191.843431520428,473,6020.5070118487,0.29335342144100984,0.1458465532406077,0
452126.7733769938,19908.684272641065,436,33364.52080503624,0.6144857775116312,0.24615176269772188,0
383040.4493997856,2500.848258572358,472,3344.112280779203,0.633711599765529,0.26823048886850276,0
369813.4661363108,8426.495105894543,106,9424.352964789527,0.3427309254279072,-0.5577627192126061,0
419128.7998938673,23000.73978099817,117,14708.69858802613,0.894265118256414,0.36082522952624063,0
163415.77810604076,22334.40179005826,264,31839.096119977108,0.35659617598620563,-0.34193360308713155,0
279343.7152455199,21353.19301793655,270,35190.89310615141,0.8987878897373477,0.19560154790506867,1
204340.4664277282,16823.562606236443,344,13140.651465601806,0.24029912345036675,-0.6290625045889223,0
66389.52045812109,4833.975295187606,73,4349.160889492414,0.5318717665050166,0.7725133517269875,1
299702.9356854471,20405.608615582205,77,19497.318315663942,0.31830409469234733,0.080264395553716,1
304304.65810980595,17519.017433849298,180,22194.682458594,0.12832586218876452,0.24128651481279406,0
356293.5182693368,18960.06671116012,279,16209.020963816993,0.9946841651964872,-0.6334992117098652,1
343376.8321002351,19303.721349472282,495,17160.09506049691,0.6171059444286563,0.7299267949057697,0
80263.899151269,24105.258713121024,259,13679.793501575536,0.29807565052482277,-0.29987870622818213,1
332912.4154699811,20894.220993551193,454,24512.238187485058,0.5443448876343211,-0.3792665743338604,0
413632.4009867117,1518.6845162415473,446,898.33729578024,0.39916679451101955,0.27747119332840753,0
93881.36469579441,24437.27607535681,347,28541.915282129696,0.7302217177572492,-0.14331955362596238,0
243767.16374122736,5153.4353432102425,173,7963.855156214229,0.3373028364674864,0.8948383349210807,0
371546.45436682634,23140.639039826347,288,35499.21114608084,0.7021074541137926,-0.2035660062746294,0
210049.86857405593,19028.217889849642,385,11761.69592439448,0.37002452414281595,0.19084919878529283,0
172631.62464336076,14703.413570287707,332,11173.268523633587,0.06203676362878152,-0.18925051884277866,0
97723.04318346258,16623.504342384054,292,3624.7633187164547,0.1141399693096321,0.8938868680690786,0
237001.56646945566,24652.230360830043,377,19155.62856545763,0.6596902729304743,-0.004339842323977661,0
49494.219262778,20436.22192119457,26,26551.75027406947,0.9545659288588108,-0.5274218341340662,1
308867.2322938147,14752.547861819074,249,25628.60123339933,0.2973615313084723,-0.5074316225563259,0
38281.42428767325,15689.229839417023,237,6822.2580612943675,0.04196407344363429,-0.14543835394499072,0
75909.36784320179,6729.400170399182,311,7317.477862438283,0.07928028463119174,0.2185310085638439,1
210230.06023914585,7759.982146545101,35,8709.772761252883,0.869937832897689,-0.1312162796242261,1
271358.4397062132,8318.525500601332,451,9801.029655182274,0.8284386709389908,-0.6556638377381961,0
322444.70089359843,20801.996199898087,37,12840.575267751177,0.19519716457188252,0.4212841035710462,0
494119.7787676105,8479.277650566855,409,12272.99067445148,0.040285518777998464,-0.07023891474952115,0
298709.7084366244,23430.46258208971,268,41954.08098902774,0.14914082593973743,0.6146654971760441,0
184086.6970390842,21909.93641026495,351,35704.8864163512,0.2803347525514125,-0.5620766160430308,0
329099.1581348545,9833.320203075138,457,2586.846429327895,0.18928364591600944,0.026796593440976957,0
454658.6422058725,20966.62699196403,114,34423.665512222964,0.8263408109501867,0.25840083417333104,0
403896.014933976,14089.832107314996,191,26365.104683201862,0.466116292658489,0.001695746760169925,0
138751.87858800596,21724.16468156344,186,26329.619743871128,0.22048763941474925,0.32617142096909757,0
108722.43101457198,1959.883885152021,234,3108.9922221861702,0.2833640688911182,0.7070269927992725,0
199427.89225616117,15820.584012753709,142,5252.778376427046,0.18445905105988336,-0.43587089151523345,0
44552.09869779086,10245.939302762905,96,19521.537301928274,0.8835647283701904,-0.31288400955152607,1
247728.7489379528,679.6866954864167,470,189.61156859544724,0.5738658496770963,0.21883316479807768,1
287779.3643168351,24014.87999991883,346,4797.484809680662,0.04406586157038139,-0.466501669399628,0
329874.64708516543,1616.8363697423856,227,2739.0706829472238,0.2966124821570931,-0.6610624455923577,0
80933.31860238689,3520.452592824198,387,4823.689674227905,0.1660748523335137,-0.6936095224238219,1
369817.3866831565,1650.838281904425,209,1323.487000677659,0.5547318032823543,-0.6618354886002716,0
341808.4802225204,16224.578161635165,174,24878.53421417175,0.41367867898526034,0.3753512594342907,0
30664.871372278598,24719.229682619814,342,47849.89604503744,0.5498641783643982,0.9336862487171198,0
255396.08920904633,4652.850250718437,167,1748.1116345690525,0.7975140452964858,0.41958244933079647,0
248043.13897604868,23099.63994957505,480,13035.49542938383,0.34993785357071405,0.608366461983018,1
135521.84708343347,21920.529686358474,393,32041.6170446783,0.48987047671774453,0.33529140008547254,0
313892.36753305874,908.5574305010592,294,673.8472759452803,0.7308703457761604,-0.04398019226780692,0
419653.65119654295,20202.056342105163,272,7404.135433806731,0.9571969635192346,0.8022484962044452,0
240629.40674515394,17056.151675932982,145,17773.18994258332,0.9965263087986191,-0.5566088353168616,1
210080.4638650953,3758.740073229555,255,5516.047093403432,0.5717893159359805,-0.01870608305427801,0
216360.8713447406,9182.240983160314,134,12322.938903581313,0.48380253986064725,-0.04689883991899968,0
305014.70333285705,14602.03900168201,244,19189.461187080713,0.19881406093740295,-0.23298108706983578,0
53193.71250488059,20773.719170073997,454,14806.871453745534,0.7802126485356335,0.2150072578997242,0
353577.4972846629,14401.078131823799,306,5718.608004539332,0.5131750822820359,-0.5650917926526084,0
172306.62916183352,22843.009812891014,111,27419.66905919041,0.5137078552153048,-0.281267853272847,0
258194.8265123907,7497.836719774956,57,1460.1061048617516,0.3186896039905236,-0.61158325303604,0
295448.2870280128,1992.0973609375865,38,2530.270381178311,0.5505316805962256,-0.06674205641690178,0
450355.8360651249,5309.210406621142,448,5301.5812950544905,0.12169530672667228,0.25856854768980453,0
320944.84857378394,20305.67461644856,44,30477.837552175293,0.913041466889856,0.22982133469997135,0
149022.85521449512,5366.7921339864415,458,4191.086272926241,0.43599518057058584,0.26928903802026016,0
52340.898330524346,20872.749265272807,58,30212.678756585698,0.7726709881281666,0.48681916136436465,0
27012.31861226377,9329.199562897682,498,357.25905100687976,0.6493788202366224,0.4039777558732336,0
467721.4107489503,993.3772992576007,118,1151.6863796549944,0.7070152942725908,0.39262225192981326,0
445238.71783876396,20493.936537412104,279,40863.14124114829,0.7201574609309402,-0.28300182343072855,1
43626.03897956557,6161.480895425157,28,1782.2429848360478,0.0009294168699610639,0.8258025292204731,0
120538.7693645653,10698.438126853729,56,5191.367198067206,0.7580404210112165,0.5680099809317773,0
217127.66384493577,5637.411797039921,315,9081.822975249457,0.0837249378453484,-0.1053088803135308,0
445418.3438987445,4208.593695950236,306,8131.400310216724,0.39355533610631555,-0.5647088175384369,0
370068.704229059,14588.984049740959,125,21213.840035897992,0.3669614070072005,-0.5349912660610695,0
170367.90875869297,16083.676298629529,233,13097.711256477043,0.2691615709916292,-0.4424630950486356,1
456441.29332975636,9570.68854927213,236,6264.2807288711465,0.765193833754392,-0.5423095559398526,0
327952.9120087973,1126.4600776984994,324,234.40966282451973,0.486173654104883,-0.6037754918463284,0
172132.45844829507,20316.24492554626,61,22227.640073319613,0.9262052018843451,0.7683674450443363,1
151375.25968561808,22839.556402809245,421,43173.35844354184,0.6825404787671571,-0.20308967160589886,0
329948.02080850577,13008.975013848338,134,8032.115160435477,0.06368476750251673,-0.48117114044314274,0
233796.57013077766,2564.2567467402964,73,3430.4535721250054,0.7518251459566812,0.66150322234819,1
170201.38305383484,21533.408136513084,412,42489.47606589842,0.597839986845685,-0.652461677641408,1
319990.2792204969,16139.58914680058,256,1825.923519088943,0.7174649906119122,0.05585628741892057,0
204030.6277079643,4622.825418438964,350,6288.355570709099,0.6360473423391266,-0.07677235680303596,0
167779.58013169636,12191.401945740052,451,20223.37773716041,0.8295627156830498,0.4768998792838952,0
422649.85371395305,16939.81802305629,272,31251.30769423522,0.14199425935208465,-0.2523646451110476,0
313764.09438053856,8004.37442374467,354,1228.1841887729904,0.34979606180759193,0.7524937133228535,0
353689.9837808315,15925.89445099552,480,9570.684002120648,0.7755052967189994,-0.09238076322725752,0
25143.342893772297,13834.304756873646,20,1648.3085205316472,0.25563909379536154,0.1496145681989558,0
100380.67736863448,11833.541904076252,434,2972.5466562530273,0.41586133940794756,-0.6863661634256604,0
247523.00765525363,11556.032044791304,108,13800.609066832116,0.4151456539927457,-0.04005397901477947,1
113942.06724783155,20596.2063141498,141,27777.65391295435,0.13736174596867423,-0.30163405491437795,0
466795.5559952548,16689.563977427304,369,19936.028069914566,0.995734452051323,-0.016527896618203086,1
185608.08316379174,1840.9513196621542,220,1599.7252389577018,0.219634928594569,-0.7995913312071401,1
425062.1173908459,18686.159671430203,458,28160.415518884816,0.732859187331831,0.7771464608852008,0
131283.8200230687,17786.28643541743,151,18275.891671912275,0.34883190745863013,-0.12531513617000412,0
364984.6943658571,3209.7881723924406,247,5900.365533074483,0.10802895749157926,-0.3812540509038051,0
151763.20328339757,15804.267369951061,459,25382.504500744006,0.3412444497577206,-0.0004698676189401896,0
264269.1536335425,21605.419307522443,426,29052.71080168229,0.03172249181603115,0.16294001213699927,0
407872.55221569084,8357.75084926896,282,12637.548502778589,0.24860488461330632,0.16911096271652382,1
431614.69172092335,2885.4888978849167,424,3132.0502230270986,0.858761429838704,-0.21341358329157734,1
78502.16085506414,947.7392082259028,39,1585.800931596548,0.0005979388347953085,-0.24592552995298556,0
132112.33331293328,2170.572184253836,102,1915.8679009441207,0.06142512925983268,-0.3969357419661389,0
230550.8001181063,24448.658326117882,145,24154.977441818213,0.3301559503156044,-0.6077587327957454,1
48908.93355214278,7792.431800422871,292,4971.985739744469,0.6740175348839673,0.7197667554742884,1
364607.6916512489,7448.394123719838,76,1143.7008933611237,0.9094295036858765,-0.4577682206263298,1
281422.8181314252,2407.484730414855,198,2346.8077572509587,0.7378804151687424,-0.5497960306416603,0
251768.61171685028,5700.998220880488,495,8796.237294761822,0.9347955174927833,0.8365638451716766,0
446331.84783742594,5380.882303008374,346,5470.420253166729,0.8784158630449617,0.9145302214322775,0
233817.40627245817,15009.424283620292,21,5113.397914388097,0.31030848210454753,0.1060212350910773,1
374945.2319545891,16315.591732057796,457,3945.914976699466,0.4014976105648763,0.6276313683335015,0
109261.5236275605,23795.05716795257,480,45483.90246553242,0.9536326078296895,-0.1658113023454293,0
105965.57087752715,10109.335939121733,204,14302.901884152781,0.5036886093282389,0.6924711525114517,0
317715.8500490778,12204.68209678863,432,8428.17140152779,0.6276688771588087,-0.45437104746793394,0
470270.78699270304,22982.35830865862,22,37981.54619771467,0.6965614021440462,0.8633313799222295,0
289694.6191085689,16949.448779771552,25,12130.980321057228,0.1485067816436808,0.27364073574437864,0
203419.2773407871,3740.583519912802,93,7243.071441690345,0.6577653832726,0.2159116846101814,1
301525.6548979754,13389.021701226373,81,22082.64512037321,0.20408766115576027,0.04427334553267703,1
106476.15091165724,3191.646286649182,218,2695.674644113579,0.19934548947118313,-0.05774032290557407,0
296377.21413171757,21414.536449057243,44,26156.733942389998,0.24080381607317325,-0.10374696430661601,0
90638.36052557375,7800.442269648172,164,3689.989742278832,0.8489238694760728,-0.08491134888717256,0
409916.56651858956,8899.554637733543,292,2961.8495676441275,0.9658323197183326,-0.42957012141904094,0
282405.08715070965,22169.728826120598,171,3681.3493806806932,0.8766138270158916,0.511965648079014,0
307699.03657855344,5430.962809294575,33,8277.165695250605,0.33882348242280735,0.9137124039502049,0
306766.0364352416,22081.931433346435,284,13937.983242187982,0.4991989468413318,-0.41015746587096646,1
61812.45894148834,12440.918820965051,173,8578.674547984378,0.9615507321375663,0.0007343790895735225,0
188791.9387241146,22783.93758879739,292,13705.443420702126,0.43085827538227073,-0.23805460918450172,0
402224.31843926344,20906.966111807196,219,33218.156346756776,0.9409923225744371,0.32177867152241246,0
406446.70977974473,21203.47139796774,337,18967.015735741774,0.02002322973218762,-0.6874875052812606,0
300042.32912884885,11872.996749327103,153,15109.155833854731,0.18641980485397458,0.5488649859609225,0
117950.90650236828,7651.823750696278,45,508.4863412885601,0.38048188549303585,-0.6089739461162081,0
209973.28623700677,15522.22182202394,127,14801.715717802892,0.8979552161850192,0.14508881244169236,1
141042.9811978544,11444.798483214694,301,11744.817295633917,0.4287642911146835,-0.7031924644807198,0
191821.37337572704,8674.69182052547,356,14573.95261768479,0.5506604592365643,-0.5243398998488789,1
308120.67684779986,18415.63943901069,341,31525.486909327527,0.41829111109348593,-0.2430569692332002,1
267524.7445169951,12682.720221476511,375,3116.2138319847104,0.32784283788581825,0.6683416851270176,0
208945.0497331722,12099.173654688024,67,14171.489833258855,0.20699360124505817,0.7325303462046531,0
190924.68087988242,17169.41813718179,162,14834.564463131877,0.16549977466365562,0.47188743218959206,0
324955.20641999407,5313.930690427173,36,5554.244579785901,0.7480160766994024,0.7057556033696262,0
465726.5031347064,18599.21598559029,138,35459.261724214775,0.7192452005758319,0.87429736515259,0
144274.051900707,1794.2538159356886,141,453.66435417403693,0.7918913237957292,0.6608296078327864,0
47508.948805033666,4777.451355556067,373,3690.3802183588928,0.6171942271169667,0.9456739563408125,0
462849.8034050997,19174.195428697338,373,7129.4677046423885,0.32838549961660535,0.07698161245944501,0
139433.1329695673,10493.295408428361,269,7085.364215671348,0.5193126926423032,-0.4443993697787392,1
109172.93825537975,2581.6741022919273,479,2665.5265894087656,0.8560010748931528,0.5499166272443341,0
85685.67996145127,2208.125932926372,39,4082.3688053338838,0.5023718199720955,-0.20980881076713465,0
37622.21287187199,12131.840648069456,63,20692.58861761771,0.04093394437434539,-0.710609315372506,1
50291.05717546219,8452.924628498957,139,16443.039529059577,0.5180104313760979,0.30553523977422037,0
252079.08085126584,11014.162552978885,459,16549.603894258336,0.4568178045561352,0.7222012283777886,0
142569.60810987273,20785.423355805164,445,2668.974576307129,0.5768079196382558,-0.585421202886968,0
45317.09703786435,20937.020651106814,496,30138.694670633544,0.5475178840599945,0.8988006004630644,0
68270.11140005328,10134.906384930773,103,9157.829549068068,0.5776130806371337,0.22763269675386066,0
171455.92671830504,3112.278663946648,191,1516.9631432639792,0.40424164210703917,0.9878773535735437,1
291027.13179017697,13157.376000429746,32,18473.020439157783,0.28520580268041407,0.3353867563107171,0
251368.3230929276,19065.52572919137,329,6556.120923704544,0.09564069602371594,-0.04555488600430102,0
102518.02770901009,13909.454766317409,429,15245.808258077768,0.2497441792293552,-0.1821041196839931,1
288424.7032488599,13111.183747041106,95,23772.965030140185,0.7434351739561944,0.1590886673225096,1
353560.8222951236,758.5025000296514,410,1421.451689125194,0.5756652529974197,-0.5729924197242611,0
387846.66229023313,10457.205146063458,416,13601.95314068881,0.8992489182892025,0.32230956024520707,0
168652.02133049077,5443.976232185195,146,7325.279182542935,0.40237305072246765,-0.2635876570512403,1
94331.63555783422,9638.495971388144,407,4429.964422355681,0.6166219781652751,-0.7273990661507865,0
244907.35740374462,4124.979185680443,238,7005.2104205237,0.20600567855203988,0.9137721729752628,0
493185.75653614633,21045.917744582075,178,982.213063937284,0.034431308573314556,0.00248598968862912,0
444914.66177963134,2624.310906093185,31,2175.0558002643725,0.6345564677415247,0.3181353799493498,0
488943.46214077884,5079.82002131545,122,9569.48515118476,0.6766172335525065,-0.14587292240103145,1
152272.05262840565,8638.226790512446,75,10877.673236738676,0.9236648375496527,0.995532636110815,0
133082.3495574452,8102.524336896588,240,6336.247536809471,0.2827654570600986,-0.2519172361627453,1
328533.1584703654,18083.065865940738,300,14712.141107946667,0.23901453466594336,0.3319712145787159,0
428242.0295977266,18651.297075437837,82,24415.12334834426,0.2739887815430181,0.26750114194124386,0
84005.3443118578,6442.3347762827825,47,3019.1396100561433,0.05845798723687701,-0.26012708454848077,0
100649.62505248572,9192.533596581523,387,17542.952309044897,0.8655712200947645,0.23898893141611022,0
27997.026197223677,8804.146996036992,426,7441.8348658532905,0.70109758736427,-0.06068322171617835,0
23529.46138612495,16429.941658470758,266,26222.546122646327,0.5079486919064082,0.5505953964759207,0
266955.0091097786,21492.46606821782,196,30859.726870555485,0.5820701311242236,0.6360484264139306,1
239306.2744338881,12140.154940829967,433,23475.254030149714,0.6971662542903504,-0.6501984808254699,1
250668.77160140866,2184.4707073509426,330,229.84361324577074,0.7268769061397716,0.7732246083556882,0
96055.05785115487,2024.024742379429,170,3936.8933411633966,0.5126152441031999,-0.2764216623831516,0
431771.7360883947,7970.126547434056,421,2882.690525008595,0.5131898917098298,0.48768583092157947,1
116675.02842240907,733.8121501470528,136,555.0489174997313,0.9399243728857088,-0.18255191733795617,1
252910.61876737096,4889.515998108696,472,4457.851424562369,0.25474870733671884,-0.16660729817538844,0
270344.4722772642,3553.862010323927,388,2074.9518452128395,0.18430139695009906,-0.7291486163244869,0
391753.08949749963,3793.618970553975,498,3202.77427851167,0.9358261334028228,0.022707386678397334,0
289728.9216894384,3242.3971643023365,116,3729.321118207068,0.7919930334057097,0.9760377009106433,0
264635.0963858051,22767.20245481559,90,15357.616686403831,0.615069754014698,0.8684336118625553,1
264300.33940258285,11594.207729466007,201,20658.870549094347,0.2627209435613028,0.050047298101285276,0
477029.08019664866,20679.317071450725,372,41308.83232333254,0.054966306839822066,0.2413752727663565,0
94169.9983954491,11269.292073436018,74,1767.9633765149363,0.11536280130570387,0.7654263820185929,0
362183.5372854735,10126.278722319885,392,11604.166743356473,0.9095953911109443,-0.788869119246386,1
475217.3853386811,2737.480491172148,210,3379.77973988107,0.9423714394684146,0.618761673760071,0
276387.05414513464,17364.29108289084,38,25488.30439500573,0.9954215129254561,-0.28247984110923374,0
275995.3029726104,10438.308856457319,448,1257.399637962436,0.12922380010274936,-0.6960660569593352,1
48344.069339970534,7155.77268840956,171,9976.599582389877,0.5151670283865888,0.9825133070528942,0
198067.38204424115,19417.724676588034,118,629.1915256258125,0.8957263555151146,-0.7479002298619394,0
35546.78613247763,8728.165432463242,438,10105.732142854069,0.34206943465755535,0.6579617386302503,0
127703.83030390184,12860.321639343476,66,3777.7089865614566,0.1854088503740543,-0.47228636801266033,0
425502.8389703101,2450.324386316388,239,4245.03174416699,0.13945023620516017,0.22457163363296972,0
299890.76349435106,18091.347364111538,346,14127.811961260795,0.13141238285526846,-0.3275269857789362,0
364720.6148290466,3548.3362278713903,198,6803.778591633294,0.2476316430714387,-0.17350648014082315,1
483978.6660301316,11364.258019483079,223,3734.900279535951,0.17302386975116435,-0.31981028547693696,0
130553.22784778124,3107.0881911196925,482,2461.831163550344,0.3534731920607206,-0.2318602123391259,0
173952.11950955418,5210.319002468253,377,7983.486426284117,0.5140819207661853,0.6028573066032155,0
327691.93166497024,19765.12555717849,346,26963.124698012973,0.7159846935417241,0.29318395022751864,0
344898.6923972367,2070.3204203862992,64,3088.3819097488504,0.21096989061995042,0.7149196135769933,0
425030.17455598695,11778.061740747744,470,22097.75776858202,0.6771449666716692,-0.5857616519123461,0
252103.92837937715,5892.206618158175,288,6465.681011959557,0.12564349241231398,-0.2784896292712137,0
122500.57015536386,10573.036243759683,477,255.5704936171901,0.5091354129215991,-0.5492249317195166,1
438361.22377395513,10749.472283597072,343,5271.245850777702,0.06803731409166969,-0.22957255210287542,0
262844.38407026906,19554.33379666093,343,29223.996234074602,0.012596401271786961,0.36007311073706916,0
131553.9421829183,16072.983966680978,277,414.9334345148502,0.40918258745848857,-0.20711731525626376,0
387797.8269249819,7950.318581296454,458,13723.48985735274,0.8160923529142614,0.9710314550148944,0
428859.36255705997,1788.072746369577,332,2402.31342991102,0.6096819082757774,0.8471772180820538,0
380863.1185217278,14422.581098584824,192,159.68983521961175,0.2607087741328522,0.13290349723967998,0
103595.21234979024,13898.588757792108,135,14467.851207363248,0.051165506445475906,-0.38085459762303037,0
168912.9361974583,4953.208145149259,435,6498.450839114212,0.05271976633450115,0.0031067880628536937,0
163018.3670320954,11649.353070249419,345,16515.88202756234,0.10621382758845621,0.5965790580454475,0
388527.01650288206,3292.1642344214083,271,351.3127005790917,0.49954833520467123,0.5765972358251605,0
407251.3134314083,6669.265768246596,293,8558.93211704632,0.08144721289115919,-0.016973730187597957,0
281805.4161016223,3768.7002203185734,195,7530.331177414369,0.22032739343758256,-0.6142100320178008,0
254500.3838913234,13342.80864105103,416,12522.422010709282,0.10671181910235428,0.3692008121625312,0
417529.2172752574,15838.340370029631,366,10070.128616018474,0.6215187240340485,-0.40424847853584167,0
451718.0106403161,3771.5887124383607,472,7118.788170445677,0.6103760597816921,0.7029528142293322,0
74001.50265278324,18530.049956161747,368,31819.408739945546,0.17060112462164434,-0.013835927875264997,0
398766.1335914032,15270.875623833164,30,850.2188355857695,0.6966889878731969,0.5055875033245807,0
487730.86910646816,24402.247019337985,110,4569.981887259332,0.6809532914035762,0.7827840340526091,0
278811.71816654387,6749.789104393295,404,12317.984234767733,0.4391306608048505,-0.7280936480850302,0
416667.3495682665,17686.727985896567,467,29201.847004957854,0.8583304317809248,0.03451973381820961,0
474502.4942436913,7241.667755957666,183,7655.8288481317895,0.06605530782216007,0.9506228241695263,0
249376.3303583052,9204.457368804604,208,13823.365827277035,0.6995342576155238,-0.2475240686337814,0
184664.8316094323,16839.931637495712,163,1436.3820946686365,0.5976823355234591,0.765452592732941,1
235538.1249775816,11752.940361220308,168,20447.956262806176,0.7368264557515041,0.10187242657228612,0
85869.03037609812,23472.705785106504,475,11491.86626111394,0.5505706345413642,-0.45351232885551135,0
457337.84066813963,20602.433853686674,467,29725.310383238473,0.5140233698765098,0.290356714937682,0
272984.0751164306,14772.077547298031,113,22378.818350922964,0.5824350768882959,-0.4641378256282985,0
108439.35275488363,1896.5584950223827,426,1564.6553883577667,0.12487007690592267,0.14580122745192314,0
117369.5545893753,24958.80953598844,92,14251.112619415504,0.9947749545739061,0.9398060533992578,0
144993.49221819604,21040.791133258655,347,31237.07327704046,0.6752308375620375,-0.42941242127902196,0
80532.86800573999,3681.4968287380852,44,5614.347893757435,0.619747854491566,-0.660659206427449,1
184784.46521395564,8549.980501941209,25,9938.837528864384,0.6182850210137198,0.6066317597584767,0
420539.9613709264,1877.2406837670228,312,1917.1148285945267,0.9503070137361812,-0.26011071836348554,0
227354.89830245162,1308.7924295580176,256,1559.6776850576755,0.1665035470495151,0.48199636931888556,0
132983.9657112116,12612.084870621073,429,12249.409973774813,0.014647127272486737,0.8580589843255153,1
126695.72798652093,5598.597847611133,78,7267.98823387926,0.23287914615181504,-0.5178312284270492,0
304968.6175561919,18993.272729877113,134,34638.62182782436,0.928014236729381,-0.5022437261688633,0
492286.85126835306,22700.369635123247,197,25676.52927005721,0.25232274426374524,0.8475218926826931,0
449991.5511488934,3035.139059341324,98,1327.6174687423493,0.6136831877287435,-0.3984445978478453,0
348308.06235926785,5160.58430509337,352,3182.570247596018,0.18830252491710642,-0.2532769167948211,0
89056.62384479829,3064.180788488788,333,3194.1199047325777,0.10722239420848745,-0.03773238335120099,0
372148.5633749353,21080.461382057114,375,7117.805161207073,0.9237313958767761,0.6786482549971435,0
334793.96831714857,13663.254004866933,40,6043.631422285967,0.054693174576267656,-0.768193919368219,0
102654.79012334388,11059.101356780977,207,12639.3060828798,0.8323910417019079,0.9849238173302106,0
352053.2667881515,17020.192555650603,78,23371.2844222982,0.22627733414380702,-0.5627477061859771,1
152011.89079414294,5978.509184920287,142,10892.212164141358,0.38283339476843525,0.33514353096954475,0
230127.22639430166,8104.086783148941,356,1684.1570663391092,0.4492745469566498,0.8928949573234193,1
134879.49754273213,15790.778791118533,119,27667.931768010607,0.27143086427605323,-0.7933356677016498,1
187770.94456131107,8235.167679376971,189,560.3584885629162,0.3753213457730138,0.3281560273761961,0
415041.71573452867,6258.266820892007,289,12265.763559396331,0.8685528307858377,-0.48687040214679406,0
298206.4291580835,22858.823158636205,39,37491.735607240895,0.9993503004722002,-0.41942373560195995,0
338172.6980646395,24153.49154771522,312,4147.58187672536,0.7700212284558287,0.33431515279667456,1
185267.85599358045,2013.1784641098927,308,1275.642060539895,0.10015499750676693,-0.31090832198327656,1
201591.49143932454,2665.7256950955802,429,2189.6105514231867,0.41892922393741894,0.12621122262693707,0
454928.4457666044,3874.4854227513115,490,2253.0116801178065,0.07006869572118946,-0.6980739967203956,0
298768.9201349224,23254.703819534563,485,14296.397083330805,0.48313464556549945,-0.6862704256515924,0
492192.8161643637,9339.754628761062,181,11940.76131723703,0.07069660818436618,-0.14922766202667814,0
498187.75666142657,12126.072284249798,145,20845.05827545182,0.34476976689987415,-0.09746801501701319,1
410532.23041633086,18016.344177018538,30,22738.26490789794,0.4173829418004733,-0.5402383213625332,0
28002.34428782389,21901.58947400776,206,19752.313402662807,0.3452645520570531,-0.4890378387568222,1
443348.2664674916,23997.563935918883,134,40886.60004710421,0.8637896229650033,-0.06780725257039066,0
89060.55458709448,711.1655634986168,59,935.872113210352,0.4352927241876341,0.14527700940093102,0
380261.198601794,18787.285835241302,308,16689.75686244994,0.7322192063122223,-0.3805658640856974,1
302446.9954176571,5663.695936032703,152,5042.0770446579445,0.06930777303829483,0.2407930862019212,0
374686.61856774666,1214.6623611232108,126,1143.7366032083046,0.48790019527930184,-0.43233835771448653,0
192196.40506058655,24893.306828521556,173,22036.83486414054,0.13067263041326238,-0.27620109878360644,1
454137.3495499971,518.3188550780111,165,649.0902751901862,0.4923670487012489,-0.4538316089881691,0
137992.92177083582,22913.63267136554,169,21280.84353070147,0.4868282119412368,0.8828074837981155,0
451360.49674527865,11684.466955867558,123,2407.0243341935006,0.6229540441833817,0.0043735513607899845,0
125825.83087969752,4531.868431518706,405,7747.216443447505,0.9335804560066894,0.8786839735065588,0
203385.86360530736,1191.6046114423061,462,1621.5473042771148,0.2854040684634225,0.2544551095874399,0
483601.6010276401,4782.232203142466,152,9228.3644760192,0.28943636803002193,0.06332517414002448,1
22336.83567464155,9511.587096354391,31,1587.8669482589614,0.3309147657801952,-0.3530825366644773,0
206907.09424009928,18449.01113138977,333,7904.170098210379,0.23899768021155132,-0.2936877856045387,0
132476.03151225287,981.4613272977712,349,293.06720560919587,0.702405365866202,-0.26097609691834167,0
499029.17866796494,21524.403663153033,251,6396.651644598984,0.15966634936715074,0.622149849948588,0
41533.067661304165,15752.401266325902,365,28333.670647225223,0.6237437260875957,-0.5587551902258148,1
425209.2299955592,3912.9072983439005,63,3838.3460335759173,0.897532326522084,0.8339702385703216,0
469516.79902890837,20725.603617250184,223,9077.480633088724,0.5420270696663797,0.9427759135532299,0
471620.60839746025,4980.879800182382,366,1578.3690173934922,0.5375811380515143,0.23642644802015744,0
28145.1820714239,24028.98597824219,50,24205.120989448576,0.2577784882039913,0.4624544085587945,0
43766.06225710089,15184.285384827166,77,502.0030467922091,0.5420152984797261,0.027213359509939417,0
54662.32896089021,17268.66634619803,405,26463.271712445025,0.21019196871884638,-0.21780286081964584,1
277532.2920288551,21568.547497493528,422,26486.74182379214,0.15720388355695425,0.9322085034661722,0
54991.2568983944,15857.406158169148,224,1090.8925934662122,0.11944888396428577,0.3201453623332471,1
119136.51390656306,18508.14065307492,180,4990.324014328863,0.5469155137931242,0.18324568023553167,0
220632.36104331852,21405.47756489645,58,41234.67021054293,0.9175448945963448,0.5762228747669746,0
234801.38705576392,2996.347972303044,490,696.1382364276955,0.6231378537478254,-0.1590788615855394,0
132171.41543617455,16160.444820054016,233,10412.512475545158,0.7631500577455612,0.6440485226232053,0
220584.31837645263,1590.4714622661977,330,1417.2320542119576,0.1608602934850979,0.4606261999598251,0
70782.3297309435,12900.426391018786,172,5026.116347795866,0.4745443501585562,-0.1493231303207383,0
274048.3751089233,14817.700078941707,200,14660.441624297637,0.47190251056452304,0.08256248093769092,1
419331.94001026504,10386.239814785175,436,19419.264190631573,0.7260613260624744,0.851990774489991,0
310195.5729239562,13430.170600742964,428,2958.5662191979163,0.23884516040360693,0.9087061091607707,0
101052.45889617695,11786.483395547333,402,5040.1128958644595,0.6895830655332298,0.7791575251474641,0
59365.155779930064,7813.0809028366,40,15090.78742478973,0.3773484772303116,-0.3351917361320307,1
239727.01409798439,19108.24364356513,85,3020.576811445179,0.6640330331113176,-0.37239197377801425,0
157323.1625750051,18207.83256226449,120,7543.9571767886355,0.7419953911261723,-0.7058976141162328,1
115134.2654824007,21922.751776854104,321,36011.52437641485,0.4288843893947102,-0.45982581205188483,0
148412.97451920432,13220.570877784772,439,2258.3520379339006,0.19598018470176193,0.8987794879816258,1
200604.47807860252,23120.50751484142,357,5970.2854203103125,0.9146945603370571,0.08837858726101544,0
38263.60558884364,18351.607046764027,105,2004.2366432921017,0.11364603869671941,-0.7929469250880322,1
405091.37463078933,19774.713860971748,119,28800.895701096517,0.11515578740287036,0.25862691784213876,0
116342.16459862026,22063.79095630134,126,3511.4167150570306,0.01802900895891224,-0.6158020768386864,0
467932.6001835288,16116.36078962593,109,17221.828545960772,0.47132179410506836,0.9659757241243172,0
76642.89277729995,19035.209597042896,69,1143.0687741153738,0.4036258952698971,0.9884407110745936,0
342869.2848928592,4748.203622049924,442,691.1042633637976,0.1873467913267889,-0.7415526109548531,0
367198.5459171023,3833.377743575252,105,3834.0424832169674,0.9231739886192648,-0.7714666839826227,1
446598.3280706302,2011.0272987134576,475,1697.8759540951032,0.9865694907793265,-0.6993325697691939,0
45356.42907612919,15833.109277068206,356,26503.239557379173,0.5119386306819278,0.14861372424676067,0
101990.57902698116,5343.412426304944,277,7754.8791456800855,0.5077521518626643,0.09839558459369169,0
206967.69245379616,6406.076473490048,435,10117.623348994017,0.297214113845096,-0.5558720911868359,0
354767.1762738524,16248.761481611255,309,32492.638858008828,0.002184142857248772,0.3496107450167294,0
461901.5056211724,2794.005886673916,382,498.0033292766571,0.7032800540422505,-0.07545256011774437,1
332122.43412495754,2715.264955895688,112,5039.618453220684,0.4836908231467939,-0.23200374600240048,1
347257.03893845825,22274.435851881673,328,17922.678607986625,0.3507097879920843,0.5911121501677059,0
93638.18354676224,9480.504090791042,194,388.7730996348846,0.78057272582094,-0.14910682683429888,0
408497.38132973394,9792.443097324842,481,3537.9088478248877,0.9559031723881823,-0.6732703476754746,0
261526.0001846454,12585.380269794721,216,13991.690373962583,0.17449848639795518,-0.11833395995391327,1
329222.2476750166,16442.747416178107,342,12909.080941658127,0.6658308276518625,-0.41207685641401615,0
370021.2552804095,12757.117707615402,134,15519.228387100397,0.16678733518367417,0.6353569970949957,0
61345.17034353742,11863.340704522217,138,6884.750417642753,0.32774722589612815,-0.5919099008992781,1
37866.418193278,22981.217058416554,142,38454.35524964142,0.21546290727573003,-0.5831327196107577,0
95174.15114847195,24381.621992736786,478,44044.26573346405,0.05085342363582113,0.7544022453969574,0
451766.12724622875,23551.557705366373,277,43736.402204909646,0.06562608817781757,0.18894129770973622,0
333309.4994130676,6763.8224716294535,463,8247.799559180801,0.8494699015836623,0.17416677838833705,0
264264.9224836379,2029.8847368611412,308,1859.8837370594977,0.1416172449866172,-0.615506607459417,0
60868.94554691943,7922.156613307057,106,6231.381584449147,0.9517024063905372,-0.2245024711882624,0
443000.3272073071,9079.569846133047,458,12780.347108560569,0.3717269846164606,-0.7681150689030998,0
30416.045732259976,15964.107912471743,321,12269.94262457381,0.44312734532291453,-0.12285715621468019,0
272454.3569127005,20315.586390278193,292,36117.707055986735,0.4838499700332233,0.5111604771389886,0
184249.47476415557,5264.356219966687,224,6119.313870493817,0.647720054420612,-0.747261002413847,1
264564.2591476169,13870.867154596173,332,11883.608241080661,0.44233545805021546,0.4036075928162073,0
347647.6542950266,21851.469273056013,196,1737.9979982153236,0.7171814470467577,0.16857039541800034,0
136699.77460288096,18746.392924933094,379,15596.843567180202,0.7624445219391001,0.8205620312340836,0
70505.38651432146,16964.48417342311,377,27992.5618556962,0.41770856697297587,-0.6684468361529297,0
490402.62233447214,15108.335093201202,112,30196.68114956949,0.17533424137685993,-0.7817940230104956,0
392418.6989811808,11446.200074451182,109,12420.492879024087,0.45820480525221596,0.9010307696472892,0
51151.65417843654,11910.27665285369,164,12946.978677448595,0.6294237111171005,-0.33755428755387196,0
323418.7656555311,12836.081026800917,52,21330.08269585749,0.6640122280676023,-0.19093784133461156,1
457859.6341996074,5629.03578491042,352,8112.63058652603,0.5814539479286243,0.9059852476578667,0
70997.94006538903,4754.955105381327,318,361.9817925541772,0.24665644684477783,0.02730655311926755,0
287480.87999283714,18694.581747201417,56,31169.020023912653,0.42679037219391935,0.36772324997632144,0
324201.96185136144,3942.4289261605354,223,2263.3429142361265,0.49818929917397914,-0.20684525520680597,0
431336.06233730627,17263.122342117924,142,27513.125759542716,0.5830676844221436,0.9283925302890843,0
270900.5379524485,1078.0032106294987,57,1152.8574019458335,0.9406901877232318,-0.7139935435734703,1
431154.5545680011,10203.334697168935,92,6415.516402868335,0.8859221144434251,0.594871250150719,0
402721.6667119821,7100.7382885745055,255,6661.100209161149,0.05823783082027523,-0.3279062207330272,0
95313.25959013765,23715.34559493905,411,37226.46232650197,0.49289628558460274,-0.4744258560343946,1
141029.0988026929,12524.852381067049,111,15515.590609947854,0.6658577662162772,-0.11838642204898964,1
439601.0823113928,17844.55243562987,297,848.6845278320802,0.7228392039002123,-0.7415241259577031,0
278813.0211811109,24235.95991915621,123,20947.71082745842,0.28816452288395134,0.2870567985920094,0
65446.87544230163,1304.9890946397104,42,2375.6800005877953,0.19124212907612137,0.307772047059268,0
39719.53517866654,9008.567620489595,63,12482.637339589442,0.8831930529236085,0.9067573121375212,0
357115.9901214593,21373.24671211812,238,3108.7128280834672,0.9340329911306393,0.5794323050033023,0
415470.26317983883,16364.234991468997,398,17949.828377958667,0.6499520981658891,0.5567827636810943,0
279238.07452265394,18865.54996750045,59,22396.18132572367,0.48249306052766294,0.320635716099007,0
113523.43599457477,12537.595581847207,421,12397.82806546771,0.8367296861437858,-0.5053838052864899,0
51583.144541714704,17796.639018245052,330,7826.879489327722,0.9660214591302085,-0.5648581131967525,0
32402.706665605372,5933.597552371887,228,11431.314600703236,0.607685641050811,0.9700969968290307,1
37263.56298243815,16630.790086737525,471,25683.275177260803,0.915138820404896,0.738127784639349,0
45119.77150431817,19679.791140673107,415,1295.7608220531201,0.09087653836964837,0.7384150744916744,0
378673.3462589841,5630.732935135429,332,1837.7576161066545,0.22566458305205506,-0.4187633302132952,0
109715.50229605671,2133.165830670999,100,3140.4659878831753,0.7354635285976832,-0.6559671144361772,1
432017.31522543606,6198.794622644521,222,11489.940908794653,0.009098181280775997,-0.6642580832129812,0
341271.3998544808,22262.6688145319,378,31844.6734822044,0.6234117313362646,0.9469984073112925,0
181468.9872333965,13216.031492674616,476,2367.6148459071296,0.5591366564629684,0.105010195324025,0
232191.782296676,8685.5639761208,352,8454.283491489155,0.29460333294045604,-0.334330873416284,0
156901.63743359942,14072.263772017734,385,21271.726405890495,0.9551751604781324,-0.3677271271603745,0
108230.18695127119,14634.935021948571,408,5640.314108017472,0.8187468103841916,-0.5899595841153804,1
183751.67639344785,18814.06777927068,186,320.09230316334725,0.07850986845360985,0.786264521973421,0
359265.7261810425,23040.93502067179,359,17399.73038153977,0.9255830091902718,0.10547874560263848,0
458047.68588386744,21907.969915287078,221,29352.702800740197,0.41030372187266206,0.047261799083910816,0
111709.82688625193,19867.58338457437,403,7123.948333395101,0.6951198159457673,0.3092331687951022,0
207356.37404554622,22772.03230096992,31,11551.82346396715,0.9207564510547337,0.2468599081295597,0
306268.92785238154,9467.692510789624,222,9896.940121165057,0.4747211271282129,-0.33489323383333386,1
451808.2854863532,19657.34820481112,394,34198.79295248231,0.7640955865788793,-0.3539376027675677,0
68886.68726834371,18348.101379262283,107,21698.00929464134,0.4227025695271728,-0.43842107574758915,1
271760.2756251087,16470.768294366346,246,17861.591809598198,0.8183606413952167,-0.4909792489222096,1
352581.64529439306,14118.834947874504,58,12427.441014256445,0.8177884305894194,0.18878745733482694,1
474974.452159553,2197.9603974593438,220,3995.826987810937,0.5873698685755769,-0.6462755282764272,0
383050.9062769445,19956.296762440674,434,27867.20688751681,0.09049631109586675,0.09555276884941499,0
367705.4508790614,5144.109959155042,76,8851.482719631496,0.08877326695623267,0.7569909571739974,0
105599.12596554383,6364.560990380135,62,3272.334466741512,0.32056758601649904,-0.5570387250710442,1
294696.2309801606,11325.415848231067,405,8851.041341444723,0.7959650896006075,-0.24963897047772554,0
467667.053023966,10166.502667393643,148,2736.724548269835,0.34562703703615894,0.6538642642793027,0
50361.6362713662,3726.8836125556995,480,4567.205874073774,0.5231580008059826,0.7740551859105564,0
145293.62793720711,21956.182202049305,94,37971.538666952336,0.30936856208001284,0.4494369771572264,0
198875.42234919066,9116.890539990804,446,3868.026797463651,0.7989485620717061,0.6454668893814492,0
156103.04523663086,7455.015448972474,445,11072.50318332114,0.6618603122150055,-0.16004636512638637,1
161456.65754505343,14494.716484912171,250,213.07629527937286,0.22720767783200446,-0.06846868375820825,1
403272.4366066042,7045.548933405752,486,9354.638414271645,0.9032736222389142,-0.6226156674567037,0
360272.0030007596,20681.73931685134,318,619.004296782842,0.15396323866650385,0.46964146634941284,0
244928.8688583247,14986.878148619495,390,2356.277761777949,0.8275812174807021,-0.030195645516495673,0
63033.07099312592,8765.297419753351,464,9681.329790158588,0.8577641457860294,0.053383736516080416,0
25286.41200109158,10707.582916636888,151,14262.875943970555,0.708799264906154,-0.47981636817086853,0
232115.76558988442,3999.7247360021315,77,994.5609242641153,0.5701872157998045,0.7513188819306937,0
497390.8432085719,17139.706638680826,207,25652.43120627952,0.9997515634290444,0.5048761555353145,0
268792.98676600785,14890.020885454185,75,142.3932822531529,0.4495833529202623,0.706354160007866,0
499619.5034928516,7527.742818356399,324,9046.184563391802,0.6018263486330478,-0.6838986343641889,1
281134.3833413963,14214.995193404224,183,6680.763667507563,0.8812975456140917,-0.2091408393007933,0
437611.9642496795,16084.588048768655,489,19450.675939686844,0.806778142506314,-0.5175489103329911,0
170102.38166789987,14909.520814875155,186,10650.7134735,0.4819001671099774,0.1056403985469756,0
370035.3195668326,21931.30330047988,124,41290.00838584624,0.8618803311182572,0.21571030312017747,0
179819.17489828073,3561.4358690584427,352,2325.639448187701,0.46738733544792543,-0.2859566907704546,1
170165.42144272072,2902.0911837180256,388,662.9185361145499,0.5798053451667962,0.3301548868037827,0
276998.4010455045,19815.78850815036,100,29332.599231622145,0.4263182939907013,-0.19933242636386617,0
391517.6419011243,1775.7739524211086,420,2400.5458382220572,0.8075362553979931,0.11563111123134218,0
277025.8758038423,23425.856907351485,406,33283.66753802574,0.48222523033732656,0.13658252714449426,1
483569.8130644578,5774.09162175294,149,786.0341590112919,0.5175994650538077,-0.5760184256958407,1
159163.88606385372,21397.13298291518,34,21939.211757062305,0.9185215304431212,0.8274045888631092,0
195986.0960462991,15668.474301144059,136,9122.461944349083,0.5856041678395072,0.2644330672957771,0
377715.9133627718,13104.084642837715,385,5155.163203877311,0.4162849285443547,0.007932458173605439,0
54432.96499876398,6055.586126312641,387,4737.50386372592,0.6898236928976375,0.2843939977505969,0
263921.0270451023,18519.220514164568,172,33698.71449539675,0.6338894618324419,-0.670567908830398,1
479727.99592458684,2403.9542505972745,188,1044.5575228134844,0.7151367768111756,-0.23308628854623303,0
93099.31859247452,6967.400232890833,188,1247.1066892964598,0.6200013334774084,-0.18759860998773736,1
228645.5111919057,5224.570419085017,115,5125.8608618423605,0.7041755561946899,-0.7463770927412802,1
56058.996874164426,13623.671512338746,401,25705.26127108026,0.9317314247538246,-0.427630624239882,1
91711.70645781071,12994.63444318068,272,13321.2091000426,0.47704822517935463,0.7028189710559045,0
252033.073531042,3235.080270203509,123,123.29129025112735,0.3200595641835825,-0.04080636451497344,0
115794.37563005059,1425.7204115941518,242,2198.930860399667,0.765270524116957,-0.15872939217267368,0
404558.75224407617,9740.880398713965,369,8164.182208686631,0.9778536935017818,-0.4389836127414742,0
160096.24497747188,4732.554297886639,155,6396.413587440276,0.5312010468195962,-0.6220279832072276,0
435691.1315266999,4718.132869539903,455,5383.286395947214,0.6155526231931792,-0.7287964881872964,0
331593.90311881894,17602.72838688334,275,30356.52078815817,0.6540775529557475,0.12086309916378857,0
45660.18205031272,11419.448861045288,96,7314.123917095713,0.7663040711189001,0.09630746664807499,0
409744.51634758484,21745.227699527488,400,304.47428944417334,0.07238939826431035,-0.27733721752516305,0
90567.17835189372,17916.91109628327,322,819.0260309060282,0.752727137825976,0.05279192652596121,0
23406.335597545843,19269.410866553866,35,24749.49828167971,0.41364456472769884,-0.27293683987309625,1
264292.0548844574,8316.576281883781,305,15867.727557405802,0.6421102350255211,-0.26332935870219987,0
424426.160703287,9373.449268456714,337,7825.913791537119,0.1123860493222607,-0.663865345097811,0
328461.4089012472,21321.14381262709,447,18650.435791074357,0.7486721752509908,0.6902649181815623,0
38630.21494966501,5256.154875926319,39,7608.553505776632,0.3526911201697347,-0.21373601916013585,1
441155.52578967053,1486.8920149825183,27,552.2519430012842,0.031068130244456316,0.9044252190289304,0
135175.473787343,2542.7868173346087,289,4568.4776757081845,0.4044910644519094,0.02012610763936029,1
414003.3136183285,6290.397211541135,76,2431.069528732055,0.8312458050899425,0.5801830414090043,0
200869.101331622,13572.083622062697,376,2838.92843072249,0.6758926228302107,-0.35229429117687566,0
100046.84905889217,15363.20747950876,42,15543.781998917644,0.8656450363727319,-0.36557053309250026,1
191074.27320783905,18817.469701841957,57,27876.52328658599,0.30973324894601206,0.7457536460965308,0
212870.46012881366,2369.4101272649486,319,4666.092732301523,0.3834811225750425,-0.5259892149496398,1
156458.37876582047,14851.567637810667,384,13295.000184566106,0.8361186155450426,-0.3230592892002026,0
278092.2217236663,16758.80565879884,287,19843.655267524493,0.5057728338692109,-0.7676213631697023,1
57596.986471624856,17361.363525489527,371,804.2637259282519,0.205187142904807,0.07674857978244043,1
273082.47197632503,23281.826816200035,298,12775.000943439743,0.46355141788532417,0.7981082606671841,0
286837.76819567377,10397.418940925547,364,19621.649837546345,0.52023048910309,0.41876881261055976,0
82887.0169522235,15223.451277438682,358,11877.594503160277,0.24229332920046653,0.8640897089932951,0
26436.537858619093,976.433331278892,417,237.90593527162676,0.5036917612374446,-0.471274765544418,1
325954.2138853681,14139.376785544919,356,353.5709460555572,0.2578108740233376,-0.06771923468276309,0
162885.80410993856,1307.2227720154845,256,1744.4328558721463,0.6185851490721154,-0.24227518984409613,0
63649.01595825975,23118.9818011381,47,20968.848485997198,0.04317029086294144,-0.2427186588460999,0
422409.39394352766,16528.634460996924,250,29423.696746237332,0.009165550183816484,-0.43748161497100274,1
314432.88633064216,6910.948482618908,50,6769.4484121580235,0.664100671147891,0.15048540820683876,1
367514.7988331319,5695.098809882873,86,4706.857448356236,0.19127737103739706,0.130812275542455,1
406099.7187860963,2112.8311623972677,381,2992.1357739104888,0.11326975306468579,0.5911850394343325,0
396454.3111781932,14806.200210344661,237,14324.827012869582,0.0704606776669583,-0.29934144719196054,0
473658.7753975457,7425.350333258397,109,8273.74916718329,0.5271472942991805,0.5751337533861123,0
460524.14846487716,5337.496018732727,306,7175.2355971149955,0.12628347258456896,0.9023976950434249,0
391843.00984726317,6987.999883568811,499,8758.062007581935,0.6260981019870467,0.8041614353232571,0
57029.299561309286,8001.80005181099,102,1753.3283415327553,0.9623653164545284,0.8023972069982008,0
414924.91665551934,13198.936114475675,290,19321.852097525272,0.2877184344900293,0.5267143317595153,0
434979.84395940014,12739.378352710353,454,18147.38758194764,0.05196609813118025,0.7475460502331204,0
145959.71921418293,6423.230433252199,32,10524.701475861822,0.3462660415347485,0.653930727761286,0
68454.8871852995,24066.261848779846,257,37106.07202011875,0.210528488440613,0.10259465265623924,0
216589.24508600443,19612.058581506637,368,19094.6665607854,0.4779995450543114,0.048459671934118154,0
89567.61301256026,6741.805865051191,219,7593.357489584515,0.4864050355361782,0.10887904736092013,0
410111.7940662461,13773.127838554876,316,6263.316608270199,0.4655056665274797,-0.32283949624633496,0
325250.99683588813,21937.198357289963,121,5029.401079255903,0.9339874185126172,-0.46955667076073726,0
215185.5329047858,9887.529479698582,269,18664.46377197679,0.9025338826385755,0.7698900735451117,0
430043.86954589095,19650.06841335866,302,22277.371826151706,0.7147023163822577,0.8878683076828617,0
474116.29667303903,6495.532127080673,414,7070.939702749686,0.9679697967699555,-0.3406719882063848,1
282267.42426163336,14452.174609243762,293,16276.072048931976,0.07314250947828393,0.5763584307054019,0
446051.99815709837,9512.342017882733,268,11704.055337159818,0.8688010958178203,0.3914228376494715,0
413325.36976177525,22686.76237054174,218,27258.944067231656,0.6954106709697243,0.6858249864333132,0
250451.75741709745,13616.586379640661,84,22143.360124308918,0.8533957335369416,0.8458127967996703,0
453897.4712911468,8356.23749104259,81,4320.083927859289,0.9821351844361504,0.969435996537445,1
397121.1919413532,8481.598821767646,404,11397.55812833541,0.00040154402533987277,0.6506041045543376,0
111915.01515589733,9962.791684827695,481,8935.049198453024,0.8956441530638349,-0.5729244266819298,0
90777.24822795256,1228.538401717764,221,2162.4627089707947,0.30145618641066796,-0.6297985794061012,0
310886.639329319,14472.656441749345,429,3116.148549833938,0.8810040848147078,0.1494927002048707,0
431173.9213879645,23228.02626673822,452,44065.24633435201,0.8424641068355752,0.5002723137390372,0
70942.40926832933,12573.142973691414,179,14819.320305309744,0.895792872894706,0.3757369404840625,0
483788.3483387938,20139.677406559822,164,17389.83644422949,0.27470503280714365,0.7979527444090384,0
458589.19712310046,20908.35639454851,76,20124.794308638393,0.4023935648144301,-0.5273762796792539,0
389932.14596491226,6968.314728761379,167,1018.8262698287286,0.9893495140420392,-0.7292744987287536,0
232513.2452991,23748.44734562352,233,11123.004524097027,0.607695903497608,-0.07519182514280398,0
410435.30891104625,18699.36627340941,80,27632.08758407261,0.18913869632674007,0.232285175003758,0
433579.97604030964,23583.543634996146,200,3898.7118569745135,0.9927709865127338,0.6104510105371908,0
113626.2666734544,24033.92913992416,222,45383.638246906376,0.3962772624917006,0.4489540161911101,0
266036.5836436216,7060.470707800879,380,8786.929782589967,0.6755323686200567,0.5991985253479479,0
329964.4602854268,831.1731566431414,355,950.6371550101918,0.16844055113191525,0.56883629129692,1
473971.86416406126,5329.0979511794785,77,2572.7195533909344,0.2696343992192042,0.3785872844837588,0
113383.02545595741,18426.150170293306,104,18227.98000593243,0.5791298040350491,-0.4596602231989721,1
343609.7354382146,16015.088474768478,446,13591.757178695361,0.29833774358749876,-0.32655349566298875,0
194128.22390598842,6649.186554743733,26,1277.5874636568294,0.4309830628472584,-0.4853839129187157,1
289352.1019688837,17342.20309305125,222,9883.4412083768,0.8948692007055198,-0.7564291200394464,0
366464.2023439309,2462.1929869434507,195,4009.0027844813953,0.5365781900286203,-0.2992090632761202,0
97999.2394277319,22428.329541909203,153,30965.91611544286,0.3013917957663592,0.32677104505231647,0
245139.2223996622,12858.406278554205,254,5654.090666181149,0.6696112565375176,0.9472024500289669,0
306615.9776074416,10892.533865776417,330,7815.398075219269,0.5161348046744978,-0.2512912953387195,0
434698.3145645651,7822.148125278259,132,1435.4165252249575,0.7141191409249159,-0.44677829296185995,0
207380.69410253785,10686.48262424646,70,11891.619652718591,0.5271483816252647,0.5216100421349499,0
446179.00728863856,17723.29729059708,148,16363.061006677171,0.19344722801193748,-0.42133025324629564,0
450438.3439557174,5662.313294335202,304,161.10360293403946,0.03517463153159661,0.841278868546137,0
236338.9079601851,18963.448221210685,436,12948.307116520122,0.707947826701189,0.20336454040625562,0
332397.4162348775,3348.705167175576,232,5988.923200197362,0.4586498980810759,0.4185581541598513,0
65115.64611996897,7622.696536706295,470,6229.4295458343995,0.2252071002162016,-0.33722703908879886,0
196293.29661474045,22888.455804311132,161,41275.30715269734,0.5574292792643197,0.7632570721649852,1
419842.9832965213,17605.259587515175,180,28817.04028401278,0.038363861355701134,0.7674349102086038,0
211160.11273443815,12680.5983775833,157,3640.746590954348,0.5441831489768018,-0.7855853467871909,0
46021.63721887667,18274.21183337943,486,18190.1826432329,0.4036466944934778,0.42158816888841466,0
481480.4373663552,15182.299186678,463,28346.840019593903,0.8587423965133077,0.4480874211067396,0
150419.6090499646,5711.81067019169,328,921.8095319131011,0.8503177081575989,-0.41686984513095665,1
280581.5035331865,20905.893074737123,436,11622.419659141664,0.7923907753588136,-0.39456817579655673,0
141735.5012665108,22151.468026368977,180,41228.55999025153,0.8369278328446237,0.9918704993197958,0
74171.90946212587,15431.96020248224,81,10489.564882544739,0.5492684933484426,0.5470495001715154,1
175812.22308653343,18168.40207123999,125,20405.245163930966,0.7286151567927769,-0.16127769782481516,0
300980.20293965907,13916.594466016804,160,11956.096450604766,0.2722405425060447,-0.10851063568376751,1
91343.9434773848,11675.889157435651,467,16406.317323934312,0.7890406042020471,-0.16824387693303555,0
208967.30527549415,5200.893017910287,277,8050.742704378867,0.41790748379540943,0.547131419929068,1
240305.46467136743,6341.465884360349,215,10539.351395097694,0.7039366670345154,0.9022123666914483,0
337745.5229363044,11888.942129925132,242,6143.364039763775,0.6756440638648885,0.1766358145640442,0
295341.37181259575,20627.62165829731,129,27418.505794827608,0.11338709555257254,0.49710932319468704,0
449167.7773309564,23036.837886198296,51,12733.465455207854,0.7331530231065854,-0.6306923235885403,1
318711.9858793049,17814.605137591723,99,396.83604131886375,0.16859904843403684,0.24543429373625614,0
459988.6892930797,17784.667972398285,294,14087.018596767903,0.0012844255268014138,-0.5837133342758806,0
344062.34520532144,10727.48295546333,421,17709.86765331485,0.6083500465316787,-0.00016604702450906395,1
42962.630003378625,21329.212657523665,196,5103.051406955792,0.9902225346150739,-0.4230679148901196,0
498763.010745706,7386.310193405272,187,2682.963429274671,0.7865258871035913,-0.23742142597390004,1
423503.6695131801,21267.18807297675,355,37479.65367644024,0.8057468921781201,0.2845204544345117,0
446340.4127427915,21094.788757943203,169,10423.702319761376,0.4484078410159329,-0.22303489974830804,0
486185.5577050373,11231.824589092346,347,15226.534758670543,0.09226900456276277,0.5131304714316198,0
346904.0536306137,9635.474475453357,412,8543.548670261574,0.9011776232173556,0.5512042257069787,0
309546.6251158226,8476.73774671578,86,14221.076624558042,0.8827816996264968,0.8596878438287932,0
81798.65738034228,14146.66675467165,157,12787.683472295932,0.33269017969267,-0.011062505540301415,0
99064.51853263084,17384.012246018272,234,4256.281211784001,0.4835220673649715,0.4337929402683245,0
29625.30069632409,22316.5045626053,190,36274.93519032459,0.7524092332120093,0.5559632773826628,1
341305.00336153724,12186.301926765287,398,20730.196029130406,0.7261894838621051,0.7152856558574725,0
171967.06899707313,16944.928130484783,422,21820.188879233316,0.6928011986299087,0.7677416797525767,0
389490.70754508104,14253.21769263878,129,27776.530980153013,0.9863281735601263,0.12268909543885831,1
270910.7254672902,7643.909139948354,276,911.5550309733028,0.9375503374073385,0.153776125932771,0
251563.32876546987,2794.607588883125,378,1594.6345814472018,0.16939649963157855,0.31747384631060527,0
293370.2137673757,18589.60628946927,498,9616.813360520213,0.5929847477554939,0.8847895222031998,0
218926.30998417755,17393.58811818267,183,9279.94402075889,0.7112658247104531,-0.620026554529202,0
288991.4978335725,17523.275693539083,358,19466.723721296938,0.7620327210390511,0.16728254279893906,1
36044.735884746384,9485.425872435533,335,5373.826392666656,0.5818652665047078,-0.7003703794074287,1
353724.0323626081,3982.4509131489845,208,7851.050555499687,0.5540583834602107,0.8754991555164535,0
379154.62696683203,22624.74100101163,59,2573.6068341682535,0.4215542482180342,0.47356378794179865,0
407118.0541305177,4901.310238671226,350,107.66032650015363,0.8101400907454612,-0.6423657866247712,0
459015.8981672919,5611.9718723815595,47,6550.043447926423,0.16251564475711533,0.41355572115687345,0
406811.69856034976,24748.546643950638,453,29710.126404155657,0.17127341066623958,0.5349480735117176,0
337938.4927581217,4377.934742134654,156,7157.603207489234,0.8893187599283195,0.13491583351024172,0
341448.3067823708,24053.870518521024,37,42914.27376080876,0.19644131522278585,0.30492270101390373,0
207937.807808782,17976.38237278117,76,35328.17096998752,0.527834037561274,0.6182756891879804,1
331055.1955188136,8799.372653255426,457,12502.50928242472,0.24894352479687276,-0.21601118845688083,0
32356.356678663775,8855.672884350277,90,13301.454945602436,0.4373475724325948,0.8787539125971722,0
158381.986186043,16142.14923097752,450,30506.11855344142,0.48921624868809066,-0.18451791156549213,1
31707.676692846435,14744.909924292635,422,7847.316387031334,0.9546401607162314,0.2864462448215126,1
117638.24105519122,4098.907015866853,473,1432.2958691387294,0.2335804342223592,-0.3257477977510732,0
79065.01932335595,24665.57311213197,352,15772.834952568062,0.3812299527748767,0.9832826055215891,0
263099.0609775267,21187.857408168038,429,9531.289998167018,0.056515690796757334,-0.6138891140659253,0
130360.81801358364,13140.674023872873,399,16446.91891584806,0.6532895409013626,-0.6733374057691472,1
477553.84581499174,13754.16277043805,90,20041.730917884506,0.4516389955188379,0.7421139037106153,1
181254.15362188825,14237.014793704164,44,11597.585897759047,0.1255241812278759,0.6645083067652948,0
273548.7717090353,16716.020507094938,406,20289.191925272233,0.6918639081608444,-0.11047513449228785,1
292793.19251740427,11267.940620965019,182,3055.788242903374,0.680237753843783,0.7164225750131443,0
435885.153391403,1316.4183862679572,320,134.54750310484044,0.3032195467185912,0.4563828486960264,0
161961.36061775812,12643.521061639554,213,14481.588759024748,0.40788261019698313,0.39060606990358204,1
216506.78296804088,7602.076648579561,253,238.97176820519866,0.6272584006359783,-0.23052426670217085,1
112984.18437262297,8972.799972585051,146,5413.601508447574,0.5997044134081002,0.5976763863682002,0
177811.65799644357,15466.072046162835,482,16860.21709361557,0.6537779229561563,-0.10330997851720347,0
41488.8265704737,1824.166870068301,414,432.9113153835418,0.5125839031325105,0.2155506252377415,0
371299.16147010564,9902.885769717761,165,6338.895249538023,0.400155272865399,-0.5291081034693461,0
404788.4431190563,11317.583254282976,54,19227.11886138787,0.7060581146380308,0.08281793533561244,0
444764.838485584,14636.99984141868,326,22904.939142314935,0.7589957624907276,0.061560766990944704,0
168588.46472627524,7661.424640593519,234,1433.149754827958,0.8056753790427041,0.4045305739584575,0
227462.33004081127,17153.282002043077,68,8473.762524025698,0.6805830929187673,-0.5817231919535539,0
217261.09185723358,16372.007445901549,415,31828.3778667617,0.03755232006004561,-0.23119149884049117,0
324062.77723317087,3092.1088058914274,264,4800.19555830181,0.16883360665257008,0.6792426266575606,0
306427.0352509842,8761.449861639343,409,7855.048768121739,0.11313593767402363,-0.16751785983540446,1
446644.40563449526,1683.9480169572241,259,2194.741152433457,0.9012592077965633,-0.5049435283154993,0
87616.92989641344,15811.122374991884,477,29475.981242563183,0.2788719262609649,0.9103801705577743,0
309446.6544150023,1899.7516239115844,150,3157.467971432519,0.9137650033037986,0.7838732145490726,1
137150.72526428063,19201.03657269916,240,10106.230172116384,0.9819053222869428,0.8162165885936539,0
32556.004315241527,17364.103677150582,48,14655.461015412619,0.8951000290662443,0.9687743406884246,0
97586.09301660406,22693.31005498299,318,41530.817911370425,0.3520165825018783,-0.060543798182574826,0
149850.45448248636,20215.78660166506,216,8610.231832994597,0.688292998427255,-0.40449904980128565,0
395360.87628509186,19706.836693397105,182,11802.647230650608,0.6597636404530838,-0.55343199984285,0
458383.86156801623,15410.287288677753,197,3688.2893025823396,0.2731596203699451,-0.42286539623744224,0
456050.0229786872,3059.767760471973,177,1926.906347726614,0.3453439779263302,0.9839017157303567,0
214229.61365124767,2029.9645143389328,295,1119.1489497036164,0.6935098370463204,-0.728519826369955,1
235122.0065702329,16098.976401769572,182,16859.191543663404,0.4015417380052825,-0.25912023446125,1
150561.23539087505,18212.11389754145,253,18184.71352515338,0.8418087090288189,0.6424337048864475,0
130440.55609158802,10449.012247714389,376,321.96250410231886,0.77655747178522,0.6789688009841304,0
313235.6106360303,9766.066204890409,268,2223.5326520614926,0.7943842250928563,-0.6218564778643277,0
430452.52255877125,8988.497533427346,31,1043.1297430972406,0.45693884989824896,0.8958842506539879,0
69086.8548786157,18731.10380000207,248,26534.614444397786,0.031174909111921223,0.7663540428860358,0
81109.701798428,4803.971300230321,51,8767.808334362413,0.6524847284061576,0.5928413474242611,0
107935.15766078472,16247.954709648167,105,17976.993666537935,0.6317748436527554,-0.3371866928023499,1
101484.0791394252,24158.5027817771,124,574.7844163874768,0.23808521280711759,0.6764983475835782,0
135621.47057863168,3682.5207111518644,436,5423.265964069535,0.6858762750864646,0.6998883076645261,0
312573.68468195054,14837.27224212492,290,27634.669645234015,0.9514426388873319,-0.14936240870267226,1
374624.66396873107,22377.63249676827,311,29604.95682777775,0.9506063715798728,0.5134211445650343,0
444437.683485898,21635.541492170283,227,10044.149519538629,0.5610068364149208,-0.5579178083080959,0
458453.4552682832,10526.024264699001,207,9334.718964554562,0.5847568083373047,0.6692101333530405,1
206648.71830757588,1661.6830854320808,343,3035.335890974791,0.9623007491122398,-0.029753557661986285,0
320796.14676384366,17276.94237784036,35,27197.395825929234,0.018060219759960527,0.06891109745821,0
375345.4687515604,8162.637821834491,422,2886.041901869452,0.5298338889620703,-0.2780226932405446,0
76610.56393963206,16546.05706189938,300,11255.953089877807,0.10785326456230915,-0.3278511235080088,1
35515.16735652335,13244.481925443646,223,16159.573772944894,0.9709047114498695,-0.12750981283869367,1
50497.14676348092,10208.059997001945,284,14137.450867120722,0.4041484317770563,0.7756682739890197,0
213332.54448719992,1387.0779064409314,337,2642.9653438017576,0.022202812987850318,-0.2532970670627136,1
174049.01039333138,6680.194429451674,326,9013.642190086252,0.19675877767165562,0.8121752552497183,0
359143.9050957569,12738.943181516192,53,9869.438717554027,0.4022946780763187,0.6099221663899594,1
80794.81896665308,10805.440803531075,316,20271.649717313485,0.09125165911904809,-0.7648952343010637,1
71921.30602436449,24674.071503970383,340,40288.134620643024,0.8025607481516279,0.07550493056000884,0
326284.5083822971,7559.7273265463755,27,3074.3168228347417,0.13411962270979016,-0.6984775560305772,1
161463.126491105,544.3948297966657,112,1084.6390842593391,0.2888099699540896,-0.5313175771953549,0
469340.2743392646,13243.925464097694,29,620.5200571176522,0.13518305417143006,0.4513536274657801,0
130752.45277093702,9093.063810905565,219,12349.805846624151,0.2895827046707271,0.23895954356061067,0
111818.79521432689,10481.429154478044,37,2414.1130603377846,0.40624909597690484,0.5878690664407387,0
474484.4248004076,11955.929238219785,378,3854.202057338119,0.1740104480161242,0.56936675509651,0
287748.86035300855,9796.803824539888,231,2168.767271098575,0.68864505226439,0.9615773464083368,0
465790.097253121,20205.465467410162,53,4035.103113875153,0.8977958063920259,-0.1701881654346824,0
192580.70936960165,3582.1572404782573,105,3090.937142482373,0.004504480980288661,-0.23610317995127839,0
175640.41944894588,3220.3556140845585,371,3574.846060758827,0.7027382992895869,0.6268661304053524,0
93275.91897957619,17899.245031458937,133,23674.812981196177,0.7304137528817927,0.015871030087101556,1
192758.73738337445,16861.252389672114,406,30804.27181562265,0.7978023722086077,0.8586239251897547,1
25121.66096295813,15757.1612712482,436,31391.452559232115,0.10337800720195989,-0.47480714197566315,0
177274.38256813548,5649.307963231122,145,2154.474390095701,0.7584036730342032,-0.7604242603292175,0
26695.528972117496,16599.411557001196,423,15991.613126534314,0.8156655408146337,-0.6871000914539742,1
257482.03540913772,3777.137029386553,112,3981.107696901523,0.7422010091211325,0.11752391800708684,0
211081.8455533908,1147.9491136428528,448,595.7527359046443,0.02513972575631418,0.5012752100294866,0
402487.1248506191,3625.4197084249636,80,228.41379994699994,0.07451046181864007,0.1187068984276719,1
352740.5802650565,2237.4466902449535,88,2378.768374943019,0.8363842356312257,0.6943466135252283,1
355170.8448946623,5590.380421273345,320,8834.68905984967,0.25903514410334716,0.4756180959379126,0
39358.477304726235,5427.845293464244,313,10782.05824335409,0.7583026172105185,0.6285383456600457,0
493242.8763056085,16178.931435306975,333,19619.285152912053,0.3957448298473544,-0.2623901167024105,0
378436.78774311667,21515.255935124835,366,4624.744361770327,0.18465124589369764,-0.18603023014267683,0
361607.38849044126,5667.719734609543,456,1514.9984492038413,0.9030975070493097,0.7556150840708029,0
377296.73806591553,15676.404308544756,417,4060.1288636236022,0.5662961437240874,-0.08287916010303609,0
101595.11024846589,8715.786839531153,360,13706.530812046623,0.821577691760838,0.19808040577810737,0
244523.95085963816,24217.77632128712,50,2279.3947730419745,0.7312211098732463,0.7695731732409226,0
229424.68343984845,24076.423087769777,135,41062.11464579728,0.5484009367419117,-0.44483485296309216,0
155326.18484074916,13506.046340067658,473,14304.400685353106,0.999707637821831,0.7179453390738904,0
24965.886306895976,15819.903697767319,407,24184.127452242392,0.4473324266661878,0.6217563178639698,0
74287.87492343478,4330.120240624545,327,6000.094561137766,0.6077098082270046,0.16864672187959273,0
161005.69905314542,7294.995662253416,427,8439.004764861511,0.42343880489979246,0.1268695159492097,0
338195.0011253916,21387.19915097119,241,24099.15900092524,0.6708266807759353,0.465569026766979,0
245778.35234473593,23928.025918806845,384,4380.459612232572,0.959235435323822,0.48819277373016057,0
357970.0931703857,14948.36138387341,240,25676.71362795424,0.956835667543063,0.09826511122734638,1
299999.7967944884,13690.412578962612,250,22811.251505798016,0.8507784903326605,-0.036925036946600764,0
20760.629343843248,11102.234629020775,215,21776.708422306714,0.3502723706693276,0.013929290848194165,0
43019.71156975407,19497.53310751612,275,6556.083975132001,0.7458922650654822,-0.11910699137082859,0
322590.91101191693,22742.880584913397,473,6015.612950608311,0.30926811149969535,-0.5896182309363097,1
168143.6712914963,3692.93669420704,274,5293.033614316928,0.04625818926128389,-0.32075774109079386,0
221570.56896715434,5199.984807724759,247,327.9841730584751,0.6407102247272215,-0.05493309550534009,0
119281.81309597207,16523.56540263963,300,8668.321377326438,0.5876901275598189,-0.3296088873063767,1
168669.52818921529,6428.035574025152,101,8691.428052047184,0.11501093682809782,0.45067731376909737,0
473592.6970668047,3969.478090138533,204,1650.7370290754689,0.8433733206750055,-0.4332031384560853,0
349089.47194153967,19092.776828440943,201,30703.33345686912,0.995604201803506,-0.3452065960916918,0
269686.7535520446,7725.812827194676,409,1567.2231426412802,0.022549221530086427,-0.6996507227534097,0
455751.6117331541,18170.818744378706,497,3187.8048215862805,0.6500924511399314,0.37658165753011663,0
21450.0182509574,5694.189348436241,28,4835.629619531581,0.31650177926262035,-0.7359521375717673,1
386737.67512038647,941.9287828637891,397,423.2671781465014,0.8103032991233325,-0.5569313539750147,0
470517.55500129587,5052.885361350893,263,3432.7934668552575,0.42654569861007596,-0.5492659590672185,0
437178.3748548966,14076.15354715618,114,7972.475468286447,0.9722297092163575,-0.5239433106516579,1
20196.93893080394,12242.973630822291,425,23710.66746328048,0.9229300781006066,0.7913355333583325,0
431452.61772166676,1685.6991076712573,255,925.0544883291301,0.9559187999620442,0.861939114885873,0
426173.0557540992,11581.925202040253,81,18409.08295098702,0.6613603936613057,-0.6059739547420258,0
354870.26373426797,13482.43476557156,40,18369.348579663158,0.635156988863935,0.8371997711869645,0
287382.8413722724,19790.046786037823,204,6107.867521591477,0.17664302987046954,-0.2863495052038616,1
372372.11899083323,16711.48589144183,423,22566.08487820428,0.80426115437845,0.3864799802802419,0
266544.02428575244,20174.615354559057,449,34139.11981819762,0.11551790010698215,0.9448502409923969,1
191585.42984083595,2114.4034461920314,290,1774.7241341712913,0.6795518365726839,-0.6792312812662183,1
390575.2572667303,20791.21256822156,328,17497.224324150593,0.9654106993686116,0.4309174551616506,0
160515.94331991675,2440.067023161333,279,4401.68824680035,0.448160873369002,-0.3060572630557729,0
206126.8776942799,7528.238437078452,21,4298.428771522241,0.9993162681897128,-0.3175792990647249,0
336477.5014323207,7702.053722052308,175,4231.705545511673,0.7684210711172421,0.7930275841850656,0
242502.96284428248,12022.939174461557,426,18681.447247256372,0.7975424789866598,0.16825514739263758,0
89615.71219994646,18551.725114664478,363,33671.12738623614,0.7403130308439514,0.17711447380133438,0
186929.64685013014,13252.753074217106,406,135.79331046494144,0.4970893093507971,0.5550561901198179,0
442110.5567868245,12449.112273726552,425,17147.906579296006,0.24986746525792936,0.35245164691409725,0
220703.1679009389,22819.88464949089,148,26132.19970539218,0.9028766470629959,-0.08992766357449045,1
384333.4630645774,13031.28564631539,193,4282.570839039339,0.9960127833822483,-0.4760006901007637,0
427240.5086866453,999.8394618610553,53,1619.292426466304,0.34546115146826883,-0.3327008745802191,0
244275.84531624182,6382.075197447775,496,540.7023007548153,0.4092495737853973,-0.2794523264614346,0
404174.8104585657,11697.086828719324,162,20764.413155254682,0.3581447811958055,-0.11844370987263075,0
282380.31005275814,14060.511619871188,117,8674.460392157729,0.927206464790831,0.2594549752286577,0
332564.94115693675,19315.185566340228,205,8876.384038520362,0.5838582673080154,-0.13136598919795128,0
277841.2743699339,5486.6203008042185,163,10465.724103469349,0.4851319077143348,0.9528049017620719,0
451431.3799070464,23312.451072612093,481,26100.016835917715,0.7070311693228843,-0.48053269701617884,0
409150.6233105981,23705.680112663154,285,24344.222492824814,0.5459025592668075,-0.7383299789716922,0
259858.72320063456,15051.54521311343,356,16113.411849159686,0.14383447099031088,-0.7833651408700741,1
104573.31495883882,15352.307734408767,457,21112.342199724386,0.4165922277841987,0.36734864828356506,0
310977.08173295937,13332.083165544822,189,17586.759915991435,0.26380607494635755,-0.7782741164588878,0
310764.55489230657,24090.327103044336,255,44022.204909682645,0.4156792951628686,0.027092394755938054,0
321202.9540168478,19717.99885714599,233,29531.473499007727,0.9059736635092605,0.7543837570085716,0
123026.22219412573,16123.719850527255,383,9406.615162520198,0.6641257392833504,-0.03213457810209197,1
425708.2679171551,13373.083958586236,495,23637.884463019083,0.4957170100782755,-0.2361486671201205,0
125631.80229665205,10019.013126148031,223,16692.249041636594,0.6233903870270475,0.3982877834628529,0
335513.0360750108,10904.635804252233,110,16237.216116137815,0.2520698868501715,0.01750144630197481,0
491397.1417451028,10081.759981631403,396,2523.2623594793913,0.4261152788307795,-0.2824037784423352,0
155434.68033734686,6214.666436026604,80,6468.673870486705,0.5047394753803517,-0.5308112265974998,1
79314.79548775544,2975.1920390358337,21,4475.640621245541,0.19693348744087025,0.5991320365103323,1
193407.866434875,5727.395166807795,121,3819.4465878452397,0.20989284230499716,0.08537672702948274,0
342256.6442704619,13317.374670532221,396,6705.268292731654,0.5903809652038607,-0.6737875176554187,0
145293.75934085564,13682.654993003156,66,7045.033404765733,0.26324617483054435,0.20122550924639082,0
474911.7459230266,3596.068477701626,365,887.6761575929826,0.2785679532056594,0.5888599560420651,0
409751.11552914086,8328.275569283158,72,11008.373193002495,0.5664436850866266,0.049161356903573705,0
371474.19876429805,2650.436396024294,371,1876.2336734341052,0.964622855617018,0.11660056898874038,0
191065.50969105354,8425.450160257078,139,2394.3144424867855,0.5067700407177881,-0.572218439846521,0
386535.3435015952,6827.476768235506,383,2091.343435899422,0.5521608269710124,0.5550706469598574,0
125021.28875682683,13287.406619582136,53,3354.050602810764,0.20307059292006213,-0.07648653569260477,1
186207.70437820663,16538.21924112884,319,2950.6730615750084,0.7594287049564865,-0.23472079456824058,0
133670.20517780923,15869.268419770133,89,4123.866744595318,0.07234838383605735,0.7813553485728806,0
332142.54755528364,8560.640376724705,217,14430.738385252394,0.5834220151830017,-0.6891979803200013,1
23967.34301401203,18803.599664868198,384,1670.816279718817,0.5030683226320282,0.2516046198970927,1
43596.091338285245,14550.739830912793,437,16335.747228970036,0.00836565998414418,-0.6511993316242239,0
108997.67255704361,13044.444103548993,273,11509.881941454609,0.04488101647271803,0.8562048639807318,0
33918.43728125504,17400.616247554666,447,15395.097335347426,0.9945591406097397,-0.04386986854610431,0
70286.01749669123,11628.581683268296,270,19021.767581087064,0.8610088213080136,0.3081239140296279,0
353710.2347589131,10740.980814548613,22,9765.582685501518,0.6918468799459682,0.34730649628324284,0
127644.02391259122,2911.650371602249,350,3306.032226222935,0.15382592450741095,0.6281858473972508,1
101390.48891413235,20526.60515409321,128,18238.754205573234,0.03417558904108742,-0.2246262879404589,1
351056.73673369695,18259.335912707073,127,15717.747364049426,0.3993261463915103,-0.4675149627742103,0
103832.03141857669,21295.385693008095,250,25533.460962396093,0.5028430619990868,-0.706612260330814,1
273068.469560232,8463.912263099475,405,15456.807084617425,0.7805218027570218,0.559787090528046,0
320856.2321848854,16131.079262798079,155,3688.72804364402,0.1477463244379611,-0.029377937926925557,0
33367.89323972276,20222.86456289272,147,3481.1399024635502,0.48289443659859865,0.12534525211469172,1
233016.11805552113,14485.899125835662,259,24990.49488063517,0.8391923428715384,0.37538691677509184,0
366314.8031032028,645.2412757535146,161,295.45933492890384,0.12346357373073602,0.9640934973576727,0
129162.42978729405,4697.451339132186,82,2015.2013141753089,0.14755184682869993,0.6345059600354048,0
349561.5210149278,9478.194558453188,255,8818.46736195935,0.39006606574762825,0.7544386056504626,1
165657.543895811,21666.42728276889,105,35783.44607880692,0.9870823640059703,0.20238506226633834,0
211311.6615680259,4668.19302089842,373,5316.887832223285,0.339203431271918,-0.21916932725992355,0
428712.5356707171,15425.287089136493,362,24237.83587451966,0.19203365236149617,0.34901515104596137,0
477965.07915310434,19491.442748958958,132,23115.34001159498,0.7362798987834215,0.2284111512155389,0
75893.85156066148,15113.627149826834,340,11969.470240215243,0.26531310699584143,-0.4971844822333705,1
329791.3636699928,17340.625411066263,411,11609.27522312218,0.7548725289085606,0.36765107655946383,0
285645.29637779266,779.0468681695435,399,1123.5048157354497,0.8357215966478713,0.438819899204169,0
240155.82055633774,16236.831448905736,83,11119.503990499252,0.4765679435800185,-0.26708208192989524,0
99377.80424632925,24453.963914224747,416,27569.717296365998,0.04732453013642135,-0.7257899348016913,0
351056.7883350192,21377.619821100285,89,14627.348227064922,0.30115901978544535,0.24081361510512456,0
298177.4571919909,7523.184241532063,225,6949.66982171305,0.6594456587156382,0.8460237715856942,0
389831.0974971343,15612.01366720159,369,1309.9060085367453,0.6589427939347428,-0.3093960521322791,1
252796.29659719978,7986.62325353173,61,13950.582503970661,0.5076367226563473,0.6543382406693634,0
80037.54887183619,1516.7329574499313,455,2183.3763824619646,0.3638994064953325,0.6998937490517638,0
365388.03836740874,3132.6038028262205,100,4430.549886896216,0.634091945079839,0.9723598648720593,0
226273.76428629368,10908.353047761124,451,10005.5805388649,0.030020225717336313,-0.08499044678078149,0
477499.81400382327,13160.033101031579,157,8168.548617110026,0.11159392476666719,0.7115765032694852,1
160452.26913902984,9265.730683123273,371,4308.927680502932,0.2201098300191635,-0.43788865919497866,1
429279.7534888259,19484.644090197246,495,28746.522028405485,0.17802032429227033,0.6844262306102855,0
466575.99579273415,9433.679779837683,466,16738.94573317,0.7516797670314233,-0.03883686369364325,0
197599.46526078918,18649.106745436475,451,19564.281875208882,0.04511587860145949,0.8801938129075451,0
378014.83441535983,19969.674100014774,246,30176.32550430767,0.3293535242499547,-0.5511822437863931,0
490358.92773554253,6034.09461687261,40,4634.592395323739,0.034716152183894566,-0.6162651354210238,0
439434.47415788163,3435.706588377047,135,2056.5119218471723,0.08624917130396492,0.885818100984411,0
296674.664697744,19904.0765901898,118,5053.040690931607,0.18836823206706976,-0.16834022906177692,1
403845.63855372864,11103.63825004478,140,15959.838761490304,0.9432983972456526,0.1499899763239786,0
241296.11268694978,8484.308513144248,323,9588.801510339625,0.4021311550288764,0.35900909519177815,0
140279.15676521254,10244.359902756698,497,13504.448174545605,0.8950667229362141,-0.09268862301556446,1
219577.30979320785,15226.525302133783,267,28604.82969983359,0.24999873522383176,0.16321691381212877,0
346038.5606356518,6680.834509632493,431,7423.38910472937,0.6609738206496758,-0.2187780765597782,0
316330.0404742722,10420.314949611178,269,12460.33588658959,0.0313615688045884,-0.49351555316853035,0
221537.77845549022,12950.012866225281,248,10657.283939302171,0.5441801159419536,0.1782457659664537,0
84697.17676037029,12653.849223263012,192,7924.421584593705,0.6561111504781671,-0.421168854170218,0
135233.43349144576,14144.66500856006,473,18082.8330987442,0.7691698695235875,-0.13658755575011516,1
413821.4192759912,21421.73734385632,126,14996.492022146822,0.1320668107690408,-0.32138856435092844,0
34540.7487102203,19380.741911861667,292,10689.955339935292,0.19987297464944365,-0.38265269501087296,1
290300.7650681825,641.3812016777158,212,326.4912057564826,0.1673013799931501,-0.4738499729554712,0
240551.98450407936,24798.582519199983,32,102.61478338636715,0.9539208038467222,0.6655757806983935,1
27508.781747568384,23379.540496750615,303,22542.09625654977,0.20602372358208432,0.691200169397894,0
93460.44663863422,12886.852864017741,93,24377.81807422477,0.442937121734436,0.2787284193588617,0
467766.1862529436,2364.075805754928,389,3343.4917831612574,0.9268067091100405,-0.12432076298122441,0
286336.1201595954,20006.55573662982,403,16159.8601982705,0.02345902172115444,-0.20705001672600276,0
457181.56664477545,21240.58090040237,128,26992.327679251863,0.5327116220389853,-0.093452842847911,0
414913.5133008471,11559.487925622441,446,9367.702976587172,0.8903025571135202,-0.10889199032664931,0
248452.26442290758,3503.2873344259833,175,1643.8115952912622,0.05567281495397558,0.6355313320525948,0
320070.1240320099,8796.760150472648,174,12169.905488318691,0.33473532657927907,0.45187922651977064,0
357889.2355173588,12566.785423502455,165,11314.418710100445,0.18886938281554866,-0.31652150929804546,0
419652.3262584251,10345.07229940306,298,5217.386905430692,0.3041552544854651,0.587466138995778,0
136254.02816630824,4641.914853775791,236,2511.4199451758104,0.25480326603169556,0.590066496375756,0
178781.59749490075,4877.238730808022,420,532.0517102158658,0.2964407247793972,-0.2957585862043165,0
158805.5618510927,8089.250196501134,88,12294.073629154369,0.22490597055182238,-0.6621006243299962,0
488720.94735008595,16294.471008770966,292,870.519454841964,0.07978912363400037,-0.04765482154425138,1
366325.6543248433,2659.1009527636647,29,4488.110403982036,0.6436792359571645,0.2967466941217132,0
320713.10718596354,19982.806369994378,416,21979.912884024983,0.5383263720099121,0.21713282466418948,1
453077.899086191,21955.067395694015,249,23808.360848117547,0.08848689569901402,-0.752509487590031,0
144151.93383646425,8846.049393538831,267,13259.501030663117,0.13895990524891622,-0.3456551366421917,1
99072.32426610755,9108.220399045706,147,6397.271460067709,0.7127717935169045,0.19901021020207488,1
309041.009306664,12578.946107796826,338,9368.629313264782,0.6485341590333424,0.5057012829912988,0
444643.992777608,15597.494164370346,101,14477.13428172949,0.07433155136034586,0.9592643093997446,0
105560.0690998224,22662.828701265298,226,31562.47965916998,0.7657842927157243,-0.0058380160167217365,1
205516.98697467858,5675.941464985813,371,2059.9000923934846,0.5902311974063588,0.45149343929995034,0
353062.73057999474,22163.080119818307,156,33788.95499769529,0.05829720386235704,0.9971582210627932,0
434673.59182117437,16454.343946335986,163,13440.84969449363,0.5608123417775172,-0.38886386917861054,1
161889.0932020262,17781.385926968705,348,29728.654924701455,0.1626522181899006,0.7378227690088879,0
269639.6879439603,20841.12972314393,313,29594.17757181952,0.05003583643475673,-0.6750884331070243,1
408335.6957635194,6509.965567947489,125,7611.215883795456,0.7807854833654764,-0.45480777507139225,0
439344.23486465606,2351.0850971878544,301,2696.208206425722,0.6539313600171203,0.8607216684323933,0
34148.649019734876,4867.41364647495,156,5669.653261259372,0.37593837540329333,0.16277096036575944,1
457992.8260305769,7016.364584025747,157,4825.017804688807,0.07050495556825731,0.24406927822166047,0
65235.36822907877,16027.30766506315,378,359.0943125198715,0.009252522435902355,0.029018813612060268,0
30833.454355252474,17329.72171097041,110,29182.31505439851,0.0110284484991362,-0.2381691016194093,0
66083.3343229533,7778.857369740485,375,3173.43470323866,0.5084059766446271,-0.5167186732360385,1
381890.08853188355,3204.6587391233775,48,5756.75439298701,0.6413932487233165,0.5862363254720548,0
420380.207958678,699.5830807587612,331,813.3503426182791,0.5829984797183156,-0.07702437362411552,1
393049.23653101263,7492.429612419618,175,8416.274962495912,0.059512442563974366,-0.3080080220013968,1
190038.08153083725,16710.50341144765,73,10012.755286587038,0.29634807688058074,0.5060228456079068,0
20434.800918123306,14758.10428348122,385,11449.141607816991,0.7142154368573138,-0.6748842113925448,1
26852.95120919953,15232.262196235704,179,21842.91405210573,0.32319406532433614,-0.22634493688628488,0
320597.5149262558,4086.14013142971,110,2965.619463186871,0.0725470129866519,0.4117676428284569,0
166342.0915477794,24759.306943952597,253,32804.77976060098,0.44822801452608896,0.0038834219919805513,0
144167.25142468564,18031.289269639696,320,32799.51553828398,0.5121699559338871,-0.1517441945499115,0
351150.0815904132,22157.945533344075,463,40698.728672720994,0.8151802319698891,0.9619408273208223,0
154369.9182521152,3095.9198279291686,194,4187.59675901461,0.16019641320544276,-0.7859888535158591,1
71056.71986491699,2517.5540271249947,257,1019.49342443851,0.09972620385336795,-0.146015943975782,0
40830.64571770921,9037.710406993556,25,15055.37131770998,0.5718483288904456,0.2510016820696872,0
55572.19966418636,11885.75767547645,187,12330.22595818299,0.7360173683653359,0.2023199436422125,1
201424.8107078164,11860.05724144286,26,700.4394941737744,0.03940953529038993,0.25752246296820225,0
480101.8912755618,3977.363663605265,101,5584.292002843728,0.6237721906508529,-0.4597688910563051,0
365754.9999097088,13471.175643261275,465,6922.727496597827,0.4906474993407268,0.9389797709166678,0
156612.926988885,9402.643608203394,96,16763.12123921242,0.09446242580108688,0.9799762818475779,1
57571.75075034041,23368.626351014096,176,39494.91488463675,0.4183833377132715,-0.00646079713547143,1
391749.161252472,1327.8341982320917,86,276.92924445135236,0.21038655449412402,-0.2774698717419537,1
96507.32755948215,1580.2593017395372,408,545.6994634583339,0.03343798556109767,0.046448353591757696,1
75524.10735109594,23683.48007857551,165,14751.818758403597,0.9325431260859799,-0.35275665604986434,1
152061.3235405242,12925.025124689435,453,15210.655948007137,0.8327790710232946,-0.6699109237795673,1
276333.3105846645,9789.441167508614,255,308.26801734806156,0.4392105109318746,0.7178716770791758,0
169460.21223839413,21859.04539010424,74,2782.7627963564746,0.051334371323677574,-0.11572974447619411,0
364609.7713388334,18699.126788829213,29,5942.673640482207,0.9529103135635096,-0.07027287046833663,0
26817.034961967056,4258.730695566741,333,6869.34692281637,0.1806549020911703,-0.06817794577011627,0
399681.9555513955,13000.21645371399,187,5918.809390007202,0.7268635660178063,0.4741517862175675,0
459080.8790841933,2077.9253423685577,413,1081.1336934081419,0.39850202880398033,-0.7654887606501832,0
102053.54891244118,1575.6630339506125,80,1193.2579802098996,0.8278286070661927,-0.7593120091533921,1
93235.62766514182,21550.13144867845,64,10689.706310361527,0.903407755862793,-0.6121313754509079,0
432918.94926918304,17353.516814237344,441,5816.147548850956,0.9214336290244534,-0.03846405896633087,0
246041.996680465,22987.261859098628,406,25910.887773088096,0.8029663011085668,-0.031161444112895786,0
497372.35922385607,23935.98600757791,83,33318.44380658252,0.10572456043113487,0.3966539654444401,0
115480.07059386786,23440.63766671214,224,28309.28868626393,0.8030562178911789,0.6250511785631438,0
340603.7473261206,2789.964454158867,426,2162.576948761683,0.672262939932566,0.6083124555600263,0
303120.5093310827,5415.101092553991,298,5586.331178341611,0.954401509831066,0.0614507183789923,0
462458.83189209254,9647.774708652581,456,3854.0860210116343,0.6416757101614959,0.6710666841775412,0
142401.75320051634,6932.480635490006,252,8362.459751117987,0.11805450726005196,-0.6987050213997666,0
297879.9356445044,10121.128277294063,486,9271.140229494522,0.6980743384786489,-0.10168609642119442,0
211111.75689099514,14709.211594977,194,15147.345654131706,0.5871791281356967,0.05768091523688723,0
366391.3012408332,2329.2102938079897,417,3837.3038428176746,0.5539417338546375,0.011048487069011292,0
163060.41093985084,9885.98512296932,109,5505.665905579256,0.10939992546033395,0.38767751684811036,0
388246.07763375755,5569.446589979865,198,2649.3403663076274,0.7435025357790752,0.1575789728874073,0
394751.71041376144,5767.6168226157,71,7783.242183167389,0.9116182055034282,0.10389161937457614,1
471984.728995217,21694.03198461683,171,24120.972383791122,0.18804109258878576,0.7473979857996553,0
128686.21044207198,12277.49438386672,376,526.2637944679998,0.7338953708995932,-0.6675536699185565,1
400644.9476602877,3749.7749241221554,349,5383.922520342153,0.7359353919374455,-0.5511040501799446,1
414095.3346062869,5509.844799297676,281,1529.1289371602018,0.45756884767397166,-0.31709204802892194,1
170516.06339073475,21048.260851079558,294,25491.63094412335,0.6863666065786795,-0.7669596961175448,0
326154.6460445169,728.9513604129829,343,721.188414572414,0.5176786682309572,0.6972834130947703,0
187596.9855515599,16922.831032547798,402,1316.1051627998595,0.9327791246877345,-0.1786762910678652,0
256091.29826871073,19327.460993771278,215,38087.00752789724,0.24750612856980403,-0.6566194863244035,0
327214.58640880656,23511.875608332335,78,6992.938052602559,0.9708541978677002,0.9054590219121244,0
122987.13023840108,16034.34887226909,153,24250.14852260941,0.26707194134908774,0.058307994744528746,1
150252.33689174577,5037.58403527539,139,8018.6466441214325,0.46484980370405216,0.16754158036548727,1
211572.46378756448,15577.318490376376,228,28235.16418191149,0.04125032347173052,-0.02302846246811341,0
65861.05979108784,16642.23333958954,392,7107.166857200629,0.5021316409195324,-0.7639788974682055,0
268352.6191159837,866.5493572793674,64,897.1106092018687,0.7120293570544514,0.7641125102814512,1
177171.47021795198,3827.89449612501,340,6030.410206085851,0.2000089211127476,-0.5644837495721244,1
288743.91947695223,19847.003537922516,154,24854.629895454374,0.9863821716288922,0.16046151419873556,0
417571.3111116744,6670.40737746987,46,3984.8040029220556,0.8778047986089849,0.5767950882975332,0
260822.1520104761,7229.843602691711,98,9238.113000033238,0.7512731169377459,0.4213307250719458,0
257113.84646887577,19895.181768485043,37,22916.779249138297,0.39800643750381504,-0.1441046417483871,0
139603.7586763359,18110.801756254532,24,36059.65044616082,0.1188525784762372,-0.77309005201237,0
137577.68401565892,18377.640872444663,51,36625.17400928104,0.7872503026693629,-0.06426613383537938,0
346689.8576571936,19854.381609460917,392,33687.11001676659,0.36765804605910835,0.2639716849641054,0
330056.7349337816,24335.912539998524,264,35844.10253362845,0.838500990443146,0.909256181616253,0
251989.49537470107,8731.27253082253,138,2790.1837298616483,0.849034513283473,0.13887912338401887,1
406887.92220947315,17477.80894745485,56,15012.05093106231,0.1974862816520323,0.839436239887962,0
157308.82479645705,13162.50080949523,102,15304.727310040964,0.17185686975046488,-0.32907534867470617,0
220819.85845176678,19574.81426489561,363,21764.99781641534,0.42287646846677884,0.21835281560424824,0
469350.2410074142,1845.1698273139712,99,1428.2250873120724,0.2789661944201939,-0.4753025432581169,0
123425.3277196214,5408.595860485945,459,8800.877488019936,0.7189069446047903,0.5132919686236166,0
364525.0615117908,17155.544067889263,47,29597.130011327,0.7427307294540901,-0.05424503779848844,0
217401.15126985716,23283.5829256106,51,18290.95355682206,0.8449503772726041,-0.7995664258678404,1
34603.2990339611,8539.605922619183,292,2266.941115495122,0.7542313233495487,0.04877222785869739,0
146701.2099832981,23722.00404625149,271,1498.6352010110068,0.43393524963137375,-0.29990078078362226,1
310371.5903349224,15545.223080404692,205,7361.219566211907,0.578937176205357,0.364901989691774,0
392673.5945706095,8127.8114517707045,180,1764.7027424132762,0.22744825406479963,-0.7943810275584627,0
72131.55312631643,12083.436959888784,64,2091.174812801281,0.8239803891570654,0.41878229744325624,0
58274.507566141445,21007.0422008841,288,12227.941343910285,0.25350101610577314,-0.20440324215117034,0
265489.47502476186,11283.636956991246,130,20952.013733539334,0.5302632256383486,-0.16353593727682658,1
232568.09478810115,8302.500927256482,221,12589.415944708871,0.6669053866842103,-0.3787492844476258,0
293931.037556887,12364.521853688275,85,104.56118302586144,0.36243141118777067,0.5276855728619598,0
105234.56126317647,7941.460682669361,133,1151.5844596408572,0.9760796862214676,0.9225851839667947,0
232761.65190798184,5063.000988344481,54,4007.8881249976253,0.39270853214421697,0.3088693510119227,0
298157.20773932536,16795.755074501278,201,30571.367700729406,0.870400463105837,0.20481715050338978,0
160827.0442798296,1318.7408702739567,193,302.08912174630217,0.583435634710885,0.9061663035154239,0
454932.3587105782,20958.077915106503,33,37630.369307883884,0.9467079150338882,-0.08452161363927002,0
199347.59286401529,8656.34635766938,56,15840.055317409166,0.751147243951441,0.8800758984555437,0
470880.80755663366,9528.682617040331,87,14497.864282481609,0.8860739670955251,0.5122607370930894,1
179675.1679140279,12828.630710412805,414,10753.151230498192,0.560209402740945,-0.027221584458254733,1
309972.27255240665,18856.290099760445,250,34301.275132454415,0.008223131388891525,0.5249478598067536,0
457870.218559808,22373.500519952202,238,9131.069514504028,0.27024887506171413,0.1083539007065355,1
315809.834820412,23435.62856056907,301,16226.118092108838,0.8936486490904808,-0.27526952932785376,0
67870.86672506355,23087.91293825238,127,633.198614856138,0.29959265558521564,0.3216911567402436,0
75969.42388582436,9510.783594273807,58,14426.475577135028,0.9852073259110937,0.6578436165509627,0
453808.28547157114,10541.267991399576,171,2972.904151211541,0.34101709311920303,-0.4620894641031075,0
459081.8726422207,13654.619904792868,165,1127.0757995353397,0.583195161883046,-0.38606945227813844,0
333838.3826372853,17189.626816627948,288,25566.356437651128,0.899857281849195,0.6731247654960821,1
112242.91194293549,2625.3203111973653,151,5162.796042873716,0.27413616719193834,-0.4352175404172241,0
47283.47394194646,24473.114384458873,253,1134.1901225970337,0.34801335376349296,0.4941864557165099,0
219736.90132729276,914.2904247809937,100,820.384445267686,0.7572955720711929,-0.3913976611908429,0
97480.1540900355,9613.871614834465,476,18817.996266971677,0.9654422207387104,-0.050730201151864884,0
165244.23327877556,7085.141804959301,229,13777.666320562725,0.6175573132096185,0.9665482993005949,0
357455.2159875831,5953.789095260324,455,6494.9307746226505,0.6751894155116239,0.33996191398589914,0
286905.16365438123,7478.975208538612,34,7411.844890399527,0.09424306640452562,-0.49095081236871585,0
314044.5479724207,2808.153908506098,443,158.06491154043846,0.9903742093546374,0.4294329732894897,0
27302.285693770595,21600.218591225068,401,21350.029284685264,0.8467830271688292,0.2813315940107082,0
496880.7489899399,6192.220875138445,444,5506.72305090689,0.12330580532142477,0.07560390104388548,0
417144.4129315319,17126.911210980234,178,19001.734955049455,0.031856762528260085,0.04474539344801265,1
210844.09726911038,15810.60050981718,97,28283.336497649107,0.8881899529641872,0.738543037655305,1
250521.92052135424,4847.075480115156,72,2788.438510200875,0.0531206241990011,0.6320473057761091,0
129975.97467747153,6178.861801606202,420,1707.2475447721592,0.4553641345615005,0.6588453107252674,0
217550.61051249455,13210.80364606666,267,3406.328252964564,0.41844678971622795,-0.17978856562182444,0
239663.29978168404,13212.793525451494,262,6088.831250860973,0.47562061430825897,-0.03608667305263569,1
280226.00446696,17396.075676920464,94,21839.617506379884,0.7275933433047433,0.42276999756439637,0
206191.29389683032,9711.017786196262,251,6535.890808919673,0.14752383417734682,-0.6262091385240588,0
222970.9177120935,5096.469219362904,424,3140.252931351716,0.01857071876509886,0.7995568048533193,0
466054.71280918835,18077.144046517213,104,24155.072898633818,0.24483955080952058,0.48979655160219915,0
121663.6585191429,21352.21523326509,131,6900.942391644242,0.20518283339516075,0.6193933156148619,0
33659.548085082795,15919.196094408991,426,27115.95383326364,0.6809285366435028,0.8150379853449552,1
488715.2163412396,17655.25914171069,144,11193.302534112563,0.54188017327622,-0.6357592856523404,0
368046.0890708724,24143.27476129301,192,41924.21179389379,0.6309704448700582,0.05136576646732449,0
311470.1361432275,10685.48908392299,295,11003.310380396631,0.33060080997000185,0.748920675857401,0
403797.7491689614,14725.184131817667,102,10285.958016542765,0.41907468312544094,-0.7695415817631024,0
151380.76024296443,12897.888620573278,126,8275.759307190772,0.26670343063721424,0.9405730324504675,0
397916.40197954973,24612.041507338767,403,45855.26118400453,0.3224452901848539,0.8670567398732756,0
462769.09328180953,16823.61835456077,266,19821.94046507409,0.5013964785953243,0.7720914958678855,0
347132.49434559216,17162.687611615293,64,32351.75167494512,0.8230875290068804,-0.7244490927616892,0
211017.46697664008,8098.606916724651,465,13189.343030904343,0.6115765454794011,0.6023690980871867,0
258449.6543010385,1509.8421258166386,494,1921.1304112633877,0.8301829666176939,-0.15116654753134007,0
216568.8705337827,9680.910052126117,356,14523.779893063493,0.6672132917419075,0.9845770448045583,0
98734.75110050691,23910.1838072224,225,6957.016321640369,0.5223732639668011,-0.7870040953933081,0
345051.5473628746,12358.954035582286,118,19363.808682593488,0.5441821542313008,-0.5221488141873794,0
374472.30664933077,20249.013052175724,470,14965.870754203588,0.07763188524979514,0.48423150705969964,0
42339.930185152676,606.4296607102028,32,444.40946021491516,0.9764132223840561,-0.2937319633151457,0
45701.43242848395,17877.164285910418,382,15328.197726572951,0.5546936856470578,-0.6553936401749224,1
222924.2130023543,20112.620552662844,481,38444.53826913092,0.028631193835652824,-0.44048909579977424,0
218752.5563685519,6201.890925816311,482,6876.225184336181,0.2900922649507479,0.30420185062238225,0
180135.1476692871,1429.4886669304203,127,2269.569793955724,0.2500567585101532,-0.049312289022378386,0
432230.67904393125,3600.3392384784993,113,6977.103368001593,0.4554711707293676,0.6931403475190745,1
439267.12210688205,6065.16879589751,91,6367.70228786985,0.48759843804956093,0.24099238486774754,0
71304.02004177507,20617.207929667144,44,3076.0136929263326,0.7861826691982131,-0.12149005096471022,0
324213.9389807603,22063.218159124222,139,2634.6840614763746,0.7774456282534111,-0.11045549360026696,0
235076.0727591845,8981.289394000161,119,10845.207590011416,0.606316947374532,-0.14295445273011853,1
261549.60578533646,11887.21304546877,406,14103.648700614689,0.632999443846928,-0.7045536121463407,0
401821.7221863043,1715.8033797163746,310,2458.8568246065956,0.2542178290666882,0.7517513545124166,0
113193.29437690355,3696.163095509151,360,2357.281174475879,0.5691069803628038,-0.35721331987174243,0
408484.5577945771,12028.179402361733,245,17959.539402739403,0.5053320333358803,0.36587633462241365,0
256069.43471477885,4708.833182205287,63,5771.516488864706,0.39940165874113354,0.36101766788482115,0
412541.9268701211,14412.103533517171,62,17626.895771689502,0.15397412974382907,0.6286913664133822,0
133912.49801786774,7572.324415548781,299,3011.792083975415,0.5538402922287362,-0.11097290405616322,0
328520.9187005825,13639.30996203107,378,12282.179914980865,0.60102587748869,-0.21072197579228147,0
423415.7991866266,8428.432001134734,62,14291.766821123072,0.3763884964416109,-0.26608244869894726,1
499695.1674524858,16923.664171714077,176,30738.882192043995,0.3631891960908492,-0.28312592581226836,0
238854.16916895742,8938.487132321112,419,16651.412430944485,0.623438133694112,-0.18143484479828276,0
147274.99025855117,6757.555310870161,492,9183.129553710192,0.47598169034922033,0.9887915849822768,0
477195.82420847577,20956.75396228905,364,13783.483342940503,0.2897376005288893,-0.3148808818070649,0
299134.6276530131,4621.233257188145,210,4717.47402679676,0.5252504648304882,0.9532562049497149,1
97622.13359845184,9537.621778119284,130,3498.8320424973276,0.10325880943608257,-0.7062417675311283,0
319110.7363212593,21093.55724040597,204,5664.401496620433,0.7139145840836343,-0.016214967976336037,0
44009.03403304945,12437.614228463548,268,6331.293017878999,0.6946717295969576,0.5850736971680566,0
43734.76960608669,21294.441163848256,205,35616.86387494277,0.8145537870199968,0.16048918202015716,0
32277.911933680716,20019.362354793026,163,5600.692719011961,0.6121662207231456,-0.5002179405311578,0
303255.882725346,7802.021609499406,78,12343.981102335456,0.21522064526637885,-0.6813279991565319,0
49820.36994564595,19280.653711985455,488,17522.89921849621,0.5128826025095737,0.483456621475187,0
78361.92777609291,14123.404712190806,82,19759.99661423855,0.780259330920478,-0.20579876386056595,1
287745.2869803905,21601.515152491713,192,30528.007426621454,0.5341898918086192,0.42202543754747235,1
227490.21813832092,10612.695282345445,485,18368.306037750375,0.44545868837093394,0.48532811705620293,0
40701.338345037766,14561.785363334835,379,27762.686994052994,0.054134408402320755,0.2743423494120838,0
178703.81833258018,2712.8047273272896,460,3253.417105831652,0.8195179187100712,0.6855428122168863,0
102012.8957055031,8122.456678611361,333,6710.869650112017,0.953072768622137,0.7577729291488349,0
96455.85792774007,11167.040205136329,391,10505.224260785933,0.12729253309507838,0.36911888830346284,0
201533.44787891852,17895.719018043113,308,11155.943426528182,0.971297460306592,-0.5878518043764138,1
63685.66730360815,6160.385379702957,448,12286.88506281579,0.5248167503647412,0.17908554212248284,0
168819.40099107887,6662.866051757148,493,11281.2878768613,0.2968002050518389,-0.1623217016102736,1
452462.47809860663,24423.828016921336,65,41835.11804885451,0.2871318371871433,-0.46928898738541275,0
449303.87665849074,741.587844259917,71,832.7717831708591,0.3217370298582778,-0.6649602399927473,1
405284.3900126177,3918.406123711897,281,4456.55470549816,0.5936876193370206,0.3513108242842409,0
28579.29480143159,8700.705829408971,305,10646.396139239447,0.09106618208218098,0.05305556964014546,0
120024.16592423618,16701.947076028235,352,10931.132133546518,0.9233846679907237,-0.04877374345254559,1
31601.769024081674,8005.442092452585,330,8637.059229322724,0.7518762443691909,-0.5478837931539144,1
206983.59895113076,13026.745783027847,235,5606.821769431817,0.9112354154476932,0.8796445631311935,0
23117.607679643123,2983.0277760296453,491,5395.734447255352,0.9622915416725868,0.3764853145634077,1
272097.0561107826,5604.010198070973,229,6532.813121475076,0.6172910760526177,-0.0707161903695065,0
347596.6561938314,21265.441678511128,268,18936.976828560884,0.7550939672981465,0.5514604864739903,0
294497.4508984314,22410.420886306878,219,11561.645958379966,0.5285398603562879,-0.27657450040067455,0
245738.4688175244,11740.770379591373,334,15985.266533824028,0.9366879266671495,0.6885082451513995,0
293187.95381804876,9867.932648959415,199,3650.527297065593,0.5409423600049269,-0.3056332528367211,0
419613.60742034344,18012.8619572163,36,31788.219609738673,0.4443938189157698,0.26009856731322767,0
21626.167031666784,5682.039489528788,28,4757.395502798587,0.46177815578049,-0.33846711526035805,0
55304.22990861401,5957.33394729012,282,5264.478122897828,0.7052836240393124,0.22147458001047338,1
306941.9997069598,864.2898714652327,416,502.83143352843757,0.731645903919888,-0.008993198072743458,0
238839.6497706146,2244.5645797601974,165,1454.3382122185951,0.991893483142645,-0.7304901098979485,1
127826.61268597237,20372.097984903907,264,33000.38776391904,0.967859924081416,0.06020318970234928,1
197941.11537813634,5017.021831482499,197,594.7936306733284,0.26367545859548913,-0.6829901190605487,0
419732.0149891276,8494.84630437902,246,11284.116059531052,0.11618077501189095,0.19903334356952396,0
471284.5103845072,19170.75550927328,429,9376.518777469648,0.35313779328117645,0.910325279472475,0
195570.32910225054,23765.252602323977,269,11060.664324040139,0.5090034454826182,0.7980726069369974,0
209421.95355489536,9625.489003346653,59,10143.71881916172,0.9809065582901296,0.19509464096631912,0
309861.4350195622,4060.253180247338,389,3021.086243266742,0.2099318316734844,0.5970733553901211,0
127880.0183251316,5281.778068480152,209,6496.553796929807,0.044477188803159984,0.5538211088475293,0
335106.32841447915,952.2020257286334,463,1665.766906304944,0.45107607182485965,-0.7723407486774981,0
310972.89796358737,14165.236597902514,176,8142.04896882555,0.75247309093576,-0.7449101065935724,0
259344.0830913339,1603.9597570332742,449,248.76242889277265,0.4078600255909134,0.46906214007399893,0
401737.7815026668,15954.103461070834,212,3840.632938736032,0.9483093804303666,-0.3953367808816678,1
257952.221745181,19400.03473032694,306,7927.986183444041,0.21393378280104725,-0.7895532160827061,0
379480.4674296894,19956.986366521433,445,19761.570675712253,0.31211946533920454,0.06716049351216657,0
193158.91762650042,16898.613878217104,193,7926.711062212705,0.8974828847954246,0.7530193822085032,0
227960.35649396016,9732.971583110666,187,2631.0949540142037,0.1733731567575082,-0.18642222874891434,0
187377.34920462963,19209.352296818888,132,24807.655576560974,0.41080926237434146,0.14623490065511102,1
305696.0868346101,16618.15641574502,50,9751.697416683244,0.37240066603535615,0.5975044635749069,0
329295.5362364323,19058.990659053397,310,9838.339567152103,0.2546093292953059,0.9079549226106338,0
94832.59689917447,18195.090163064368,211,15695.537373556857,0.4940428669357333,-0.7006082718492699,1
81717.08518250167,17587.801047054807,377,17890.48346663393,0.3430154765005966,-0.4683509459100199,0
485235.4916177118,5391.391727922565,418,3982.043167256064,0.2554282810460905,0.1120441618113377,1
295977.67675022787,22303.3108693074,232,34457.529075274004,0.03842564563905859,-0.07695697658909417,0
270894.6870264176,13975.949154465798,233,23922.131483594854,0.5874151637926668,0.8003663168481283,1
45741.627378295605,12773.747895542274,316,21916.846180949764,0.10447298581593623,0.008732477613258127,0
70226.14732526027,19205.801075648975,55,31288.207425343022,0.6061095998529731,0.9091673868045733,0
71910.05232185536,12909.27942540467,495,21106.08489696591,0.1962872001430761,-0.4309008318460957,0
426081.6432307505,12068.847046145296,37,15055.45819762654,0.5852203293909553,-0.2944101084783205,1
165972.8035245617,11518.2725595066,63,9391.643214824499,0.9619939098668226,-0.6534301603275161,1
286803.4340880793,10426.327073611039,167,10759.656250104616,0.694541974037274,-0.7001289042777609,0
413230.6768832491,2457.395350888341,208,943.5627079359715,0.6906680154387221,0.7170170430050724,0
275068.06070645014,7917.315476545195,349,3497.7079489299654,0.12785381790869554,-0.23766938417666283,0
302604.54251120455,19851.7686308037,135,19694.13677338642,0.2999739081545325,-0.5113263766999904,0
466124.35761272674,4263.654560856603,458,148.21205856829528,0.6513198972262393,-0.4355680694501035,1
432342.2382591949,2379.8206122410443,357,380.60529272235834,0.08148997730927654,0.35742336433257904,0
486069.05196279055,17124.019562886588,50,966.3865663480791,0.7501502812985177,-0.41344340151485115,1
221739.3248260425,14638.397344478253,390,7568.698045085417,0.032018053319450956,-0.26590858715772636,0
222004.82642560077,24246.75886113218,277,43868.32383189002,0.19810419424108738,-0.7535470972557841,0
318711.37109804683,16711.038987579494,478,32288.943871218056,0.9117732818386994,0.9085069091937346,0
188790.9123746741,22693.972341356915,254,45373.1448197951,0.17152269378718699,0.5887836231622794,0
58806.46478876191,21935.8664465909,367,40621.27169159099,0.16265385376212105,-0.066067555526505,1
337280.14343400946,10172.29397468249,408,9926.163657042349,0.35390582625685874,0.80461911620147,0
91764.14696993415,14634.283615407408,202,21150.616359237276,0.14049731486080164,-0.09910366159815409,0
96203.79925380001,23105.695133161993,141,20763.837350578186,0.937525986759583,0.5259821233938229,0
293280.8968525251,17469.029363914968,156,19648.32251774617,0.30022545424765834,-0.07957744345222173,0
454926.7758290158,3702.7996558982286,205,6456.27462000411,0.6783931464059073,0.38895834778567506,0
427625.18945317034,12266.539678807872,124,20518.54330145026,0.7550806621216796,0.555297197830547,0
447557.88408786623,14908.577356928949,332,4197.960620219043,0.5912429057506141,-0.2333858773094757,0
475354.95569915115,16216.51404207505,86,21953.631419454505,0.9936354484929419,-0.6342246299770584,0
441036.1300477468,10183.725444338483,285,17543.219859875662,0.5218232249499523,-0.4517434710541374,1
34909.595083056076,22437.20855726436,234,1980.7837516257644,0.9068728318190528,0.07205105625974662,0
291903.97087022447,4159.921395895084,76,868.1764704158641,0.7068194450101439,0.08072228350677246,0
27522.739466588373,10740.95736327566,31,17179.27113610041,0.9451897611270066,0.29530830334741576,1
463591.0155856155,19495.235970069214,206,34602.40897829021,0.25922548714515825,-0.5797905632681457,1
241348.05338273593,8123.590636900177,184,6339.522123895804,0.4063230318455793,-0.49969117804249763,0
84022.99358611656,16538.22664702785,229,4457.619938337146,0.5954790066656731,0.008817494503278844,0
141229.3142093722,9620.851591842747,164,14551.57881993618,0.08897553586933837,0.750248893329517,0
36033.443157168535,2731.5681645612613,172,539.0344163363543,0.3008061610854341,-0.395948835028515,0
191540.67365502196,24166.84668900399,469,2297.0522561532534,0.30022711154138637,0.15599696057947987,0
151444.4091676444,3717.419619225777,494,548.6849900761158,0.1559189359064559,-0.004673443087057305,0
202824.85861220886,11279.35729253831,392,20423.553741505835,0.5600039892289184,0.010702137530675726,0
477345.84715960314,19966.531213331786,272,18845.113176309413,0.21140018456090004,0.1659320277432471,1
302492.3270688146,770.6550577130514,198,1525.936073833347,0.2725476478930291,0.7749810910439587,0
193845.80362791012,18486.051319595732,226,15213.289743808766,0.6340770612085656,-0.756598689212484,1
269332.6484261274,11936.86719709942,308,822.6600659995081,0.4336225869016739,0.22512136481995815,1
465544.06191084534,13455.727844840776,499,25568.17451465793,0.11482903172136949,0.9217971411991321,0
330201.20847545145,1351.3770024841278,382,1980.3890689193263,0.8355355012681668,-0.08154501003088743,0
428615.4618639349,19503.53856548782,75,28985.412118998905,0.948975664964901,0.8922194079589587,0
234553.41926788058,6771.631367874073,109,9351.309760882874,0.9859743176855195,0.5806225539653849,1
123770.5154578282,19401.37943301468,440,24096.93380128724,0.14735276601673863,-0.5120667485582224,0
395403.20701933274,20401.253357875285,291,24908.386339782337,0.3678322243209564,-0.05181019729919156,0
168723.09033328557,23604.695860621694,432,2343.124407517268,0.9591309329279144,-0.670624543324476,0
453053.2592587417,791.6594867723335,221,588.1541633862678,0.5339565469349339,-0.6889754667444282,0
253193.86825299155,2606.356514340684,290,3282.5899239090804,0.21053914683784292,-0.19026572668373276,0
304694.1335958691,9621.712790469497,286,18802.57267896931,0.6421291468642604,-0.7445841760506562,1
454624.97222595953,19991.716119961002,265,15358.955424630607,0.32583001993739447,-0.3722944396496435,0
461073.3268859304,17299.72475902896,141,21062.67888218978,0.15345683210816208,-0.4278560376675696,0
81550.37470581158,6996.93144069291,247,10374.653778865915,0.7836383021478366,-0.25668958355447213,0
318063.2462130523,20577.277681665237,20,31110.1038993996,0.9016533867127051,0.8478513776323273,0
129598.80156478901,1107.8285860428623,35,2211.3456026048266,0.18059620790472364,-0.7308198929575456,1
420733.72067186993,7700.30703838326,132,6713.339675617866,0.6679337354557424,-0.027046183665944024,0
51501.43776115538,10335.366956870093,109,10253.154597397703,0.696547064285704,-0.3119293498810048,1
424148.0121950102,753.9111975058386,170,719.6448709987525,0.7959732435523011,0.2974484248732694,0
321311.71306988754,5075.283972634509,258,4737.344018420488,0.4627599408939731,0.17883729064829412,0
29272.833696483416,12799.309297793887,156,4460.540552515992,0.42586856088314373,-0.46308839313149547,1
247698.86718781712,9103.020418641896,209,6373.759216799251,0.5956806358231153,0.9477555937481084,1
298235.8225646317,526.631985220847,402,1007.93747275913,0.024875882014605444,-0.12169599017090182,1
151825.7023121518,7190.4955328723,388,7895.413229115924,0.3381435382241962,-0.3483937225630679,0
119863.78314804807,8434.34672064658,120,15739.85689892538,0.2644928733474785,-0.5301902684093154,1
290424.1955197595,3287.180330775969,266,5711.902001745678,0.4362756556395665,-0.720420660915739,0
387463.20996767154,2193.7667275284894,133,1151.7769669915765,0.9657915301069676,-0.7851747651344718,1
115869.68917875439,23708.46591569931,357,2342.755280874121,0.612722051941757,-0.39395610051002894,1
248044.4808739337,5986.491616087544,357,602.642102835328,0.011199305255704117,0.024520490331204292,0
338885.2599030629,5744.285177572137,151,1425.63320897239,0.038895812246826145,0.5041732133097663,0
155535.71242498743,7742.178562129523,68,2288.9820009710306,0.7084782531368352,-0.6777328323989128,1
264260.6006764807,11889.33778878142,125,3475.543364249873,0.8382941170007634,0.5161848759933059,0
82711.4392143912,16178.301842537856,123,19547.79058836613,0.5790725276859945,-0.3825779808159533,1
473690.5182845813,8186.513841694021,458,2514.0688800518938,0.7661217513451303,-0.676974287258556,0
145726.03752714992,17376.870626366293,407,25389.352147571455,0.1646702625073051,0.21847238714704265,0
105551.88747756006,21549.963885572157,174,39525.55141890453,0.8508026016495128,0.11803488351045699,1
404376.03841946856,12590.473486589546,302,23834.323321293043,0.14489865930734602,-0.48083974365923926,1
208525.24108386523,607.1625659337287,211,550.277089312704,0.653635522717729,-0.7660299417369105,0
395376.4495447611,24215.25141524624,475,28604.344664771645,0.769186789995928,-0.02806214964805076,0
198465.43581177716,6480.3170260687575,450,1224.6506722627503,0.5579007788105093,-0.34301447697674253,0
125110.51034794761,14655.195153693832,413,23416.352265810034,0.43307450514456514,0.8515445090146265,0
377265.78432193573,11940.701524513048,135,20753.25862294644,0.3834628345476925,-0.23585594326339387,0
28903.133947715585,18255.254741139674,20,17629.306229093832,0.044395264969327,0.6715583487246171,1
215301.95005984203,768.6095017228121,479,547.9108842409356,0.9905949802106567,0.0011998624962306081,0
80826.40205728498,18459.093264159623,362,11985.444390873969,0.545488148056962,-0.5349071447030119,0
442974.72298670764,10819.188805722075,162,12813.099867388968,0.19187671310235677,0.24599124045621346,0
211347.84089426431,3430.945768143723,343,772.746902268933,0.8227639354673701,0.4158201124418508,0
347878.483267585,14722.72227857107,374,22339.68350344667,0.5302475263662427,0.4673542035562037,0
472114.38696239796,13487.168174403387,405,2239.6339170046963,0.5945483826116572,0.26087747076661105,0
197565.48574671615,11500.004464564074,143,14466.90465348607,0.9794198731378522,0.03592523137716275,1
263736.4097365381,12648.08076204859,451,22523.723779874857,0.7858004651879744,-0.26673964402978867,0
127470.6719867288,11375.959102140225,337,12653.550285059815,0.7053563363554206,-0.0485457990593009,1
208750.73502698125,20745.89802898338,349,25840.81142147902,0.024970900434131194,-0.08088834453098437,1
68332.9285298255,10880.482223991237,289,10276.50657796426,0.5609564994971462,-0.5433199031065572,1
173243.2185189905,10115.071179278444,175,13629.154459864003,0.032119756067814476,-0.5598813766805191,1
121937.91454519893,21510.898056178838,135,9348.873731009,0.9985602484850686,-0.02046301534377326,1
107678.26345136657,15441.784007145674,90,24220.649931319327,0.5750863613851153,-0.592704958571854,1
146264.72672572988,2239.526447882061,75,824.8878028222355,0.40273236986696614,-0.18182494156491247,0
385333.0824729238,12322.19098293348,328,17022.710742535346,0.9681581662275163,0.6379719601312446,0
186864.84174857667,24145.947168073308,326,19309.2728281515,0.2707337324217325,0.9988032210960076,0
444558.3367010545,17067.726508491698,55,30040.331293054907,0.3552672180573335,-0.603329198136457,1
254451.58722248004,12818.200913913306,298,1173.6728073643512,0.5982377598518965,0.7386760953859384,0
375217.25359240494,15878.660133218127,90,4565.575249246931,0.7093238527759673,0.7382173040942328,0
28581.67233671267,5797.705912579286,181,8290.9638377097,0.36790292528627566,-0.1939870983433536,0
296727.5794345461,24114.14986404956,228,46851.919326266485,0.08368098824769732,0.8222032413600207,0
208620.22718560748,21360.248060112302,279,27604.31940446202,0.5467871248282837,0.5384609317382067,0
236973.715263049,2998.225039591626,205,2937.820795793233,0.450623425108169,-0.03698044640540321,0
473624.2656294097,13930.992433407715,388,15821.934666515088,0.7120545336912272,0.7155498136731322,0
385308.9843043885,13352.346687301346,56,23004.79150585493,0.8216465971645001,-0.5798803018749209,1
218752.9373314124,6715.572334897364,333,1228.3828419751337,0.046496039691304336,-0.6002787301381939,0
305058.4667758674,5109.59971663052,66,7733.680741613421,0.27607513606941037,-0.0014378361137383777,0
157596.4392546813,19646.510959835014,310,5108.612986479911,0.9479373463796514,0.22938865887899818,0
257851.81918968543,12789.930318615807,109,22892.725289679383,0.7151056136180892,0.35119688747916,0
218816.26606622885,1591.6374746325039,311,1720.4141325686905,0.528352122551236,0.9306414262918181,0
250179.7400509896,20386.983144160433,211,32516.649001874885,0.5149798106483447,-0.5646774689758701,0
334989.43539622717,9933.510327090085,379,6392.143135603623,0.05478724692491377,0.46594955235408064,0
325219.7731188834,23474.94888003135,306,1664.4682338462471,0.38571671276102004,0.8264067466551073,0
119126.31916629632,24260.609238405486,374,10629.779060001116,0.92880401999779,-0.24739967087299886,0
355788.30053678394,7687.223959852697,180,4286.026718558766,0.06519280218469103,-0.7101395258059177,0
54256.16666690242,19133.673830238113,307,17812.331922950445,0.4500285120186873,0.25075753980952586,0
57245.87934855153,4054.6914426588874,217,2660.183441485906,0.38110932600828284,0.30468192733761046,0
251215.92224592366,10316.117286729856,51,16986.758724995252,0.5046424376590564,0.7939429097557547,1
31605.4610020017,9880.197779346703,93,8022.604649820225,0.0165371245606708,0.6666256029446129,0
298600.7195744706,2312.098088138421,405,3547.928210940754,0.4293211669377053,-0.7021408788076693,0
238843.72367332017,20438.734552418253,335,35101.587520199406,0.9986114270374542,0.3333542216184231,1
395238.0122313317,9205.8228513789,70,12841.285468248427,0.9511122009762665,-0.661342400028595,0
444390.6622331465,18829.559093026957,204,34109.38630132491,0.03689328891076815,-0.40435871846853727,0
316104.3545438695,13585.491407103706,108,2274.245182023913,0.8869870695233198,-0.4429583571512005,1
155469.72613669335,20416.168353443576,377,2494.8991429198645,0.7292664058366334,-0.20807848122381867,0
154205.29785115135,14483.221672466338,351,25062.747383797265,0.885119320907646,-0.7191161855850928,0
76386.53133097233,4902.480818956924,302,972.2652604583676,0.13192982575381085,0.09191651919514887,0
185878.8192073748,4135.441766328202,117,3222.2160540040586,0.594409383809073,-0.6743855887991634,1
114469.63974094742,889.3881319300881,175,1257.6243656767606,0.40884366172506825,-0.4289369114957047,0
56460.93774316009,17537.47514043799,112,26963.349465760675,0.1642979839524723,0.5558671694724737,1
48764.79115061836,960.2159891359549,200,847.2747925714924,0.19252991543813947,0.54123894729712,0
69859.41933382904,17898.55342111433,487,14641.388233432403,0.6988860851170678,0.827503389185908,0
151736.9840983097,22033.863852081493,44,31495.346376237507,0.29261272742346534,-0.21980003875914744,0
167581.8430560925,24630.977789786153,276,1983.2699831373704,0.16227257255907468,0.8065762525574107,0
445673.9203248904,18022.92616342592,383,30941.369573301985,0.7367502209132274,-0.41190368645205727,0
263789.22057501326,20350.04331283172,146,3535.871469002625,0.9442570396456513,0.13111618198226782,0
411956.2944124542,21778.408531792084,347,18861.041695861837,0.6340505083067194,-0.3374253118631941,0
24912.251076203607,1040.9641454449184,344,1682.5589061171775,0.9645095559916549,-0.5277619913354612,1
437102.6109671811,5284.196664555439,391,5811.163297978516,0.8579574553975083,0.42050867821781535,0
289575.7566998984,18013.971367910024,111,25687.583629605826,0.09468537472792282,0.5177770656808451,0
336677.6088351835,6096.689251947939,348,9994.947429003183,0.005652104841184724,0.985594616226732,0
245719.51311678858,21864.728503650236,386,3063.566397580575,0.6731607327802641,0.9949681141312225,0
159470.48555717856,7306.577620281824,193,14514.041849833779,0.9948130293037722,-0.5933846984108977,0
44837.83024116855,1239.7043757611214,391,2400.7726052157745,0.3001921843056644,0.5616018574615571,0
288066.93997574475,20503.119462213675,224,23404.473794393445,0.22159343043944735,0.5619210185619015,0
462623.036254117,16589.7063081899,55,30186.29859242837,0.18848804993863866,0.6507153430794692,0
136273.11683638746,6461.925145508015,41,640.5306368365707,0.4540553226095492,0.642177820438532,1
461374.7018781596,13563.416277041486,173,23632.97409032399,0.6340303926050336,0.7185740617512957,0
66897.54132851597,15590.334173623383,164,27660.29754816818,0.6706633160020995,0.9676721576637677,0
453440.5208727182,20444.673040973677,497,37818.275101635474,0.9352701625819336,-0.142993707949307,0
477982.6894676361,22607.47838247587,101,5513.918860641234,0.5319717344964983,-0.15776673982111777,0
383902.01911848556,22810.00643062883,236,32303.351218440028,0.4794806311910007,0.2522950471992851,1
308954.14143066085,19747.63497345677,304,24869.587899329974,0.6296726518598873,0.9764446855927822,0
179315.01675079844,15798.410716017615,300,7692.791662931779,0.1545640066498828,0.7956010205150632,0
86452.46454345938,3434.2898318166813,188,1566.6608099652892,0.16972343974787296,-0.7997160597594979,0
73326.66024607545,6474.05794255054,407,5778.406088803531,0.6445148244347965,0.27946744571934024,0
233150.95588185496,2075.9305822154993,156,1465.3345376573002,0.2958133627513597,-0.6793494577324591,1
352072.9213400244,3479.64484208141,43,4648.141532841411,0.5267454958049398,-0.6272796410961382,0
479512.088619465,24890.927844562186,327,23841.831336562787,0.429882758124848,-0.7801494483159794,1
309587.7816266927,5477.271461154219,323,6783.970438426574,0.13032836458969232,-0.5933672594033047,0
292198.38587529486,6450.712797307331,273,10635.93565731052,0.23094035922073375,-0.6228124117982167,1
162091.78472989297,21836.84886646125,68,14197.394687956583,0.8566530158063121,0.2685037898248912,0
376821.99918829557,20481.786935764565,427,6745.573400098233,0.3880492700584143,-0.46591268488022036,0
219713.7130655744,2789.080737641232,385,5117.396790786611,0.27771563924057263,-0.46179808950947465,0
380658.4498570413,9566.421883130924,380,6458.439484981378,0.27244644110883165,0.18848024342243053,0
496818.9383168839,3723.4824410336923,163,963.6596849345725,0.8443654912130965,0.7208453530328556,0
62217.44401698992,17771.773178276544,306,32488.83716613376,0.967812136991523,0.724883422605594,0
114183.51256174174,13928.94159205455,107,15270.128535829583,0.42215516492748006,0.3136180763239569,0
138127.57883663167,17140.33765613085,114,13333.232819549932,0.62259379656269,-0.5153612377051437,1
234820.27302381163,22967.031941073634,176,37111.12232106219,0.663556919558561,-0.5275502874945017,0
294972.20077689894,10337.148227522746,80,12223.851908278606,0.2756858969027003,-0.48459627374099257,1
474459.76269517787,2960.790237618167,144,4976.963605757321,0.7077026295496838,-0.0694020453114943,0
484352.78251291026,24665.233522873124,453,46307.167852002,0.31694528863558546,0.3777513787613007,0
136318.30949779472,19455.14398874164,214,4233.747306157386,0.12734877637588526,0.8278783005897867,0
399956.0462686358,3324.6358671482058,20,2255.6057224178776,0.8859236704168032,0.7257004735881687,0
319659.39237596944,2280.7167319504642,126,4159.703969930506,0.9155919855148695,-0.20780760556165612,1
344357.72247880796,20260.78448719488,222,20720.60025832593,0.6676739510082869,-0.7527377261421692,0
354026.4116857131,6688.579781418769,180,4596.703149054703,0.7570118677473603,0.1790086536867539,1
280901.07903173217,6337.429126828286,86,9561.851575181212,0.20884041642279205,-0.44577775953476106,0
239879.69104435065,19911.103856607104,225,28955.854518212233,0.09553620763623716,-0.0871561766557769,1
408060.9389490312,4418.549657989752,386,5699.753513342541,0.523183067518216,0.8184615192010296,0
264676.37602045794,10387.942033746116,463,9136.97576753533,0.1238805652955619,0.21599531497686386,1
400636.9526684054,14678.165868459939,92,5646.868556433257,0.031789149555137675,0.4136166095473577,0
289531.8074111096,16105.461641509588,409,14992.423182009397,0.41507812900779906,-0.531627778391419,1
214069.9669854842,21945.562524628745,107,29087.517117845295,0.4412458764311774,0.4080024970739846,0
301394.56257434934,14067.525783681582,401,6016.470470088748,0.07433087235358016,-0.2799542315531388,0
291769.2724723401,15497.670629528062,321,23131.006707686414,0.634190076921191,0.5905626330279365,0
375449.09101657633,21626.42928264677,216,7747.0913038693325,0.8730356015261367,0.5369155547739748,0
215294.77161886392,6918.40132482368,276,1650.4649153950206,0.43124579118027695,0.43652092461002323,0
427844.1475525399,11221.582904089575,317,4254.788662973895,0.11105244437810935,0.5009716591114541,0
413628.49555820174,24892.41343210344,320,17262.142841183922,0.7529300660048616,-0.035789771228197265,0
441266.65836213203,7843.37237566266,40,9373.619920996809,0.9739405835732572,-0.21041491231071285,1
149291.32072663718,24732.324404105762,200,10313.688741717278,0.7956413448854567,0.3369600809406943,0
131448.69606574014,22029.37840144509,57,15383.217530469183,0.7628554778963716,0.29434810167669245,0
429073.5319884373,15233.506861256627,413,13831.437811461463,0.7745503274736916,-0.423647284114286,0
94997.17484092004,23959.417081365744,91,6287.900625782762,0.25166443504547076,-0.02681157766278408,0
86253.25229019046,16998.093688337856,302,7395.569017049762,0.324027955633848,0.13497351214115494,1
422496.75567379355,14801.44012892306,389,18633.19616093091,0.5472374278792835,-0.3838834103526904,0
314734.97525535227,21590.948187064492,152,19340.34482145994,0.27671999754229926,-0.6121760960139909,0
186827.99710956894,15561.55602414589,124,20710.992812977904,0.6811376990723905,-0.7316038928514642,0
252693.46884341456,3091.5832189046414,407,5250.342754223478,0.5185517560689777,0.2869252573262886,0
415085.87854190415,23133.76655593399,362,28448.878557036678,0.5102626462206492,-0.01918807602672923,0
132029.8168296352,23560.847072352368,260,45494.74902761638,0.8520108494883764,0.8437322873639508,1
250174.66530621867,23140.007385223704,254,14669.296215265831,0.792501681861466,-0.5651837230807506,1
52808.8231282718,808.5190103536222,156,981.9136950144737,0.3518268970868115,-0.3813296534650693,0
264321.04809763434,24794.145500484636,262,42756.1400307262,0.491712573490072,-0.5700630256231597,0
345379.0978249593,13972.755484615456,57,2195.994012544444,0.07336075951691956,-0.4474893645903793,0
396691.67415813886,12394.649333563877,411,11620.539094084343,0.25700564347427723,0.7303797668835776,0
130201.90826840783,4807.342143559461,392,2118.3061981184783,0.47309453809937474,0.9435048676226732,0
451150.0127181585,8676.013787656926,475,775.4262694566952,0.9359731082094677,-0.6288827781372911,0
84030.36269158847,22057.683116040913,331,1560.1727030612421,0.1045075626427241,-0.42304432975949446,1
340572.9066750466,19574.54912520428,122,14733.685345190906,0.0078066944888902645,0.4486308669481691,0
294362.6793424252,23939.82688390434,458,39444.30180266509,0.981727217381659,-0.06012338224232505,0
67886.2419383041,19532.36855148307,479,2769.3793510273376,0.16860366138254235,0.6243359424111019,0
293516.2291194242,4606.738283507332,412,8575.594448365731,0.7071375179356865,-0.20651808425443352,0
375588.4950717172,15236.04197158958,94,28800.562650710817,0.6464305779920032,-0.41122650368689406,1
329940.9654779059,24650.74519924572,255,37744.626634681554,0.7640126256657207,-0.27359817020468746,0
25487.684802657943,10972.538064440894,141,13747.336709873129,0.8892381375268256,-0.4223121504369896,0
356937.6963057564,12654.981506465398,390,2511.804651390028,0.38291640732977406,0.8996026140528162,0
185360.8904683816,15828.84592547403,402,31316.21342882335,0.8887867667162174,-0.209690777021325,0
341350.75826524704,920.2161770670455,297,1282.928588537492,0.35121963066756967,-0.23501712772922312,0
123460.77685018176,10781.541249045626,208,9982.178872788374,0.9069742930684787,0.8091778127630453,1
444850.3928434498,700.9173809773175,362,361.6349821378464,0.7900741269632747,0.6106653797697554,0
457790.9373806668,5268.4263564790035,362,1181.2983271899266,0.1285868129312734,-0.6354541218145561,0
350474.1398295485,20855.512653399244,267,20926.105744956432,0.7932296782733221,-0.5297234404690246,0
175317.2499389657,8859.450773607761,180,15335.310178402528,0.06706765154028893,0.3705528831530609,0
22718.24025238242,1650.5369986228498,261,2200.3837893962723,0.8549256565110712,-0.34517667006917174,1
277817.95917763514,5683.533758987907,486,5544.795663774422,0.7902157615519442,0.059099738559823534,0
227214.77390764782,6674.13894467888,423,765.2373867619965,0.608688760529318,-0.5252246359989075,1
190615.74251862968,7398.069636840795,238,836.9235468060258,0.3966087993343448,-0.13399362696494355,0
457642.079360709,18897.745641159694,209,32684.47236908703,0.6932744274087185,0.32484927193494295,0
379065.9531622958,2742.610378328741,418,2736.3935538649494,0.45610539951721263,-0.42986694404189374,0
236641.29571485857,23983.64873756384,347,25999.456144556454,0.9607378388994714,-0.5840788260532546,1
81613.09418969497,9855.197573623685,31,11868.667599536475,0.1562613398113556,0.16394658885207913,0
376993.6711771739,13437.431336357053,84,8235.637900359086,0.5405292510889357,-0.4583838006177625,0
296750.70244285127,17294.078333610854,58,33872.11936354284,0.654927734772136,0.7841920009715284,0
486580.20520477934,3998.228828419334,326,110.38094721920618,0.8531518099690073,0.4870035440158389,0
282322.46629439347,17673.75653716395,24,5402.937260392626,0.4659667481861367,0.42226689776039183,0
240208.7791791646,15043.367238204602,145,19468.927371246704,0.9859719439503437,-0.7117035693419711,0
289895.60132841096,6676.417159276349,259,4977.327560148362,0.3755888740099239,0.9628300437830069,0
147309.19778173818,3669.8328111547603,407,6711.592916134324,0.23196845215778583,-0.5819505670719773,0
263773.778055677,24958.519794358708,138,21010.55166674464,0.4610489672188355,0.6239298582606023,0
292417.1774990337,19884.50421290774,334,6037.397927687867,0.22633083973707457,0.043443647875250235,0
158665.90369962883,4719.348894072301,152,7546.844861447953,0.6434719322457282,0.6066282624951491,0
305492.5830996008,9043.145323910037,282,10016.391509788138,0.6054003719533442,0.469904789193647,0
160319.98941602357,8592.61963222274,166,9429.327812734358,0.40093873599635943,-0.02452869658317358,0
238356.8695365645,19988.645310241005,250,34119.77079705826,0.21975030016687946,-0.6834100408546369,1
121533.74041443858,10139.169491203076,246,17049.976239390602,0.5817806109257212,-0.2178307604200126,0
355859.050759961,2802.1129875543784,75,508.26291825640817,0.9921717144484095,0.3800691122407105,0
387439.28019454377,21081.89041234924,465,795.7117698905845,0.18680789819049848,0.3788295438120959,0
491591.6725093314,16802.417419637226,464,8493.412543369193,0.0800921608802454,-0.07418504969452211,0
149808.3775914502,7776.374832915703,210,12351.628105307844,0.4326424806040359,0.04255130833776399,1
224147.9121445536,15299.766464677057,457,10521.985854907687,0.4645188648117188,0.8132087031545951,0
459440.42059779936,20798.242947534596,138,149.94574759867075,0.6160985621493547,-0.4597692787978024,0
333570.351599717,1815.58110451467,227,1525.4570272375747,0.3962201444817809,-0.4519185022177007,0
427714.0423842593,1712.3828320698346,192,361.6047209293668,0.4261515484507238,0.9025199363128871,0
143235.96864394366,2971.775651593544,368,1890.3533076608664,0.47002020957269675,-0.7646619115022241,1
220497.04480573072,13371.289827603292,402,17748.843332874745,0.6131219737415599,0.15580563353733246,0
325947.6081791837,22092.459791891317,369,33424.996215385516,0.38250173068573434,-0.059910261476571636,0
396457.170435425,16838.232584953697,305,24435.862727110056,0.05952619687182248,0.24671495732333004,0
484313.20267068374,20379.483816166077,91,5050.310531528738,0.594473854912619,-0.17919948648827,0
279987.92375986546,10002.20494230325,72,3291.5655150896887,0.08546680148748131,-0.11364084808625974,1
455310.2679842373,2261.291637700328,216,1022.230412187624,0.765063431365564,0.9062507420820947,0
443104.0471421869,16148.127824637728,466,13807.929799944479,0.07532143216740483,-0.7433770485571531,0
230445.8681653667,14029.269167338423,335,18259.801170013485,0.4677478334001638,0.23634935056692652,0
80747.04463723436,9947.704635959251,326,12049.390417348668,0.8955201203808261,0.7592205211460605,1
149602.39830320672,1357.0709635475393,27,2029.7118029436638,0.706122278491857,0.975453223054386,0
416679.1658474633,14622.776536748295,427,18473.99051994385,0.7354140255070031,0.747359039017713,1
116818.18754549205,8089.425875739202,265,742.9310370560037,0.4790237316091739,0.2787248479962543,0
157713.70347780906,8389.789046399434,115,1170.7536219057204,0.5379230312678858,0.4938202626760462,0
366516.59551630594,20361.311450346053,250,29132.652797060953,0.5678387463393058,0.9586697565095956,0
96019.0498540161,1774.9270235167294,96,1518.0307003611154,0.16562005941017133,-0.43266849487674763,1
460181.8832741485,10167.821315700394,332,1064.8990665797432,0.06112287532576688,0.8953750902650548,0
425571.22016901185,23143.310674966873,242,25005.236186415244,0.7937668070297539,-0.32078908462855726,0
341072.05069693655,16548.105061924703,432,30845.307435972612,0.10749863710942908,0.752138590553423,0
252253.44813949772,5851.366652244959,181,1193.8590285813407,0.5828693611920428,-0.7070080835078186,0
381535.8569188301,7711.530079626763,129,13632.800814208316,0.1670401636200184,-0.3989870644220717,0
231372.41982503148,22248.87617793159,153,23243.25219472618,0.9213975880001963,0.3513101183777114,0
347723.32387208956,10966.474168404948,134,5069.410004397224,0.987313982210661,0.20779508102812705,0
76832.76038792136,6641.071511018454,320,11119.600739180887,0.935905585319816,-0.5534627771432694,1
144266.59614584217,18985.821031926334,93,7750.747225587263,0.7919649919646029,0.5369979539942107,0
43991.703237224865,15442.396670897833,83,4971.362999983784,0.1676142561466294,0.3914029984616205,0
78601.0023925917,3261.0975807389673,70,462.0717473190633,0.5250638701906956,-0.6499203867824691,0
314246.70130494644,4725.003772540177,259,395.2827018503071,0.5073654720648297,0.5218722616181928,0
126216.35163917961,8517.86865665354,363,3788.588600682445,0.3272000220389292,0.33129177416031164,0
144147.31358591438,11967.491138488878,469,17598.453584279432,0.9508722046254279,-0.6497504998254713,0
34303.88659019997,14302.059378137614,308,5417.838410655403,0.8947104554268656,-0.35263519637689467,0
380007.2860297737,4802.580591113577,404,1152.2754158953662,0.8118582229097778,0.692944295046974,0
368872.94765707356,19936.164736797593,456,14947.623339555277,0.8745764767182007,-0.4159761657917723,0
92353.75665496083,15703.700287765467,240,17096.854503479386,0.4333556202178813,-0.302079901231338,1
144200.78969687334,8077.680061214235,146,5866.506377757917,0.7177033617093369,0.3003499306996962,0
200550.70880503528,11962.031321555516,453,4347.230201152912,0.9244300917842623,0.5721737710491566,0
346429.29358728154,22483.425467320285,295,105.32322352926101,0.01831934260354373,-0.0988043558730285,0
353618.90071875387,11037.89770338842,325,7994.390050046066,0.29272443783977187,-0.48615792622843107,0
478598.7990781263,10634.296493712256,454,15976.242202470343,0.27550801993199525,-0.11292232563162508,0
137218.14713021542,11052.280626610927,36,15420.972290631704,0.05282464448413671,0.6707529044553691,1
133797.098026983,8429.738135377105,73,8025.7917074762945,0.7503531224083427,0.30068440188821777,0
210370.94016846674,12927.367706313167,214,2705.1187333963703,0.7922507001640182,0.9305763622900067,0
266088.29765597254,4097.78014229894,42,1828.3810230110073,0.29143908330212775,0.7381837031235217,1
172722.8919192447,4146.991696773537,71,3176.8181597121006,0.11074850783050905,-0.16554420512774104,0
199186.39525898595,10729.308749634494,63,11988.717360631164,0.21321419566014443,0.43859871865117306,1
240044.4195415595,13312.477800421566,68,15262.718279418927,0.4550110323069573,-0.530653901283932,0
153676.1616115456,23607.496632407056,328,22644.09364123833,0.5376057067264131,0.08544955555427813,1
341793.38768785476,3603.132414997411,126,2475.0223849270324,0.20788835410499706,0.6405847469316805,0
244671.421004591,5828.366669642962,425,10866.346336019707,0.9725784176594758,0.6060103231762253,0
429493.67563362775,10299.021797870611,496,3763.125857702419,0.5849361183390478,0.39736738626592083,0
443354.0435677422,9593.76595688327,365,18529.34862084072,0.5269630658254916,0.1964058289070688,1
319800.9176725639,7916.869741147825,355,11981.224022393499,0.8037519743040816,0.19535605483139162,0
74690.32790143296,2556.815706744704,221,502.1318834988765,0.7510791939024363,-0.5464993595293095,1
289602.6594077876,10581.375446919383,431,20708.98914663203,0.37504069824021,-0.6075339155949594,0
439519.04557427997,22238.62954354457,413,15123.258823105338,0.1966007968148903,0.749239931033181,0
456133.15414381056,7444.959186819652,44,8595.82838147607,0.8131202726214194,0.6153571948785037,1
285318.77484641765,24207.353771953814,157,19535.693355982436,0.7646625552292448,-0.3609213851416108,1
200423.76975919833,13538.164040976433,153,13762.461300613642,0.8708905700266667,-0.4157692709498562,0
470950.82610314025,10999.814026239583,327,8868.476485500489,0.011855293210243922,-0.5744583864690035,0
291199.9861673195,22096.132029058655,138,23632.952333608944,0.33848051036797766,0.38431149061494563,0
287863.508302154,1887.0668418007235,445,2048.001997418569,0.9014645761447072,0.46977885225532523,0
347204.3112123553,5561.43324822851,255,3517.329421825226,0.5279098279439243,-0.4113339183098765,1
60977.01407675134,11387.367876376089,249,2794.645969468833,0.31189014980442453,-0.0012711006599042118,0
77571.28825161718,18284.39468429907,426,12588.109961794426,0.9981978792878575,-0.7936916056440951,0
415443.44728217303,5386.8358274097745,321,1555.5222142029288,0.5893809380091738,0.22197020586594407,1
444025.51378353074,23666.05692230259,380,43847.050070664336,0.8150077769837577,-0.21825838730277192,1
360137.79220886284,2030.0092138361535,268,307.74451865626895,0.2932660857428302,0.8580852890814099,0
51329.5963761572,11370.115891558755,401,7887.348015795286,0.9081320565606308,0.9007761554389797,0
242784.88985539138,1104.0733648188757,221,1245.168466039965,0.8323331406335831,-0.5991282925121629,1
468757.6613673002,4305.168993594305,279,8523.884714147747,0.4822515923024244,0.22973572726377633,0
399040.8621346413,20393.705241624986,395,510.55245106754035,0.6891572317245083,0.9649725472564374,0
97249.76537716085,4940.571248620797,162,2211.130185226057,0.8466440643326782,-0.05348125453374797,0
174282.2133496019,19207.00523445494,250,20792.08346929706,0.4142768475898826,0.9589292318709928,0
436099.31974360585,23855.663710974102,129,30161.300862186567,0.242098957326344,-0.0213663229939689,0
444520.6279254261,3257.585430455136,74,2056.2078022402648,0.36006549355072826,-0.043032157876022215,0
40333.72733733538,17011.639002289074,131,12506.28069376741,0.7263570177140827,0.020925874187222915,0
280777.9883424739,24408.375943917923,49,41003.77824383691,0.42600081050240945,0.36049030806653737,0
289050.6487496431,24542.54313289185,193,7474.254724284534,0.9230858192394295,0.2170149087750961,0
87354.93198252555,9594.209785576852,383,5341.158817914842,0.03248132203589471,0.677535948450394,0
